k,depth,random_state,accuracy_train,accuracy_test,discrimination_train,discrimination_train_pred,discrimination_test,min_supp,clf.tree_,discrimination_relab_1,accuracy_relab_1,discrimination_relab_2,accuracy_relab_2,discrimination_relab_3,accuracy_relab_3,discrimination_relab_0.0,accuracy_relab_0.0,discrimination_relab_0.1,accuracy_relab_0.1,discrimination_relab_0.2,accuracy_relab_0.2,discrimination_relab_0.3,accuracy_relab_0.3
0,1,1,0.75598086,0.73076923,0.32561904,0.15647619,0.26666666,2,<sklearn.tree._tree.Tree object at 0x7ff321ec7030>,0.0,0.6028,-0.1564762,0.244,-0.1564762,0.244,0.0,0.6028,0.0,0.6028,0.15647619,0.7559,0.15647619,0.7559
0,1,3,0.77033493,0.67307692,0.30436432,0.2345351,-0.04608295,2,<sklearn.tree._tree.Tree object at 0x7ff321ec7030>,0.0,0.6076,-0.23453511,0.2296,-0.23453511,0.2296,0.0,0.6076,0.0,0.6076,0.0,0.6076,0.2345351,0.7703
0,1,5,0.76555024,0.69230769,0.32456308,0.17956596,0.17261904,2,<sklearn.tree._tree.Tree object at 0x7ff321ec7030>,0.0,0.6076,-0.17956597,0.2344,-0.17956597,0.2344,0.0,0.6076,0.0,0.6076,0.17956596,0.7655,0.17956596,0.7655
0,1,7,0.75598086,0.73076923,0.29078217,0.18579078,0.13793103,2,<sklearn.tree._tree.Tree object at 0x7ff321ec7030>,0.0,0.5837,-0.18579079,0.244,-0.18579079,0.244,0.0,0.5837,0.0,0.5837,0.18579078,0.7559,0.18579078,0.7559
0,1,9,0.71291866,0.71153846,0.3161157,0.11363636,-0.10130719,2,<sklearn.tree._tree.Tree object at 0x7ff32333bf10>,0.0,0.6124,-0.11363637,0.287,-0.11363637,0.287,0.0,0.6124,0.0,0.6124,0.11363636,0.7129,0.11363636,0.7129
0,1,11,0.75598086,0.73076923,0.27324459,0.17717978,0.18222222,2,<sklearn.tree._tree.Tree object at 0x7ff32333bf10>,0.0,0.598,-0.17717979,0.244,-0.17717979,0.244,0.0,0.598,0.0,0.598,0.17717978,0.7559,0.17717978,0.7559
0,1,13,0.76076555,0.71153846,0.32099114,0.18682871,0.13716108,2,<sklearn.tree._tree.Tree object at 0x7ff32333bf10>,0.0,0.6172,-0.18682872,0.2392,-0.18682872,0.2392,0.0,0.6172,0.0,0.6172,0.18682871,0.7607,0.18682871,0.7607
0,1,15,0.76555024,0.69230769,0.31769361,0.17203693,0.21212121,2,<sklearn.tree._tree.Tree object at 0x7ff32333bf10>,0.0,0.6076,-0.17203694,0.2344,-0.17203694,0.2344,0.0,0.6076,0.0,0.6076,0.17203693,0.7655,0.17203693,0.7655
0,1,19,0.74641148,0.76923076,0.32028738,0.1857629,0.15625,2,<sklearn.tree._tree.Tree object at 0x7ff32333bf10>,0.0,0.5789,-0.18576291,0.2535,-0.18576291,0.2535,0.0,0.5789,0.0,0.5789,0.1857629,0.7464,0.1857629,0.7464
0,1,21,0.72248804,0.67307692,0.29259962,0.06499051,0.13671274,2,<sklearn.tree._tree.Tree object at 0x7ff32333bf10>,0.0,0.6028,-0.06499052,0.2775,-0.06499052,0.2775,0.0,0.6028,0.06499051,0.7224,0.06499051,0.7224,0.06499051,0.7224
0,1,23,0.76076555,0.71153846,0.30694205,0.16991776,0.20689655,2,<sklearn.tree._tree.Tree object at 0x7ff32333bf10>,0.0,0.598,-0.16991777,0.2392,-0.16991777,0.2392,0.0,0.598,0.0,0.598,0.16991776,0.7607,0.16991776,0.7607
0,1,25,0.73205742,0.63461538,0.27108433,0.04895773,0.21889055,2,<sklearn.tree._tree.Tree object at 0x7ff32333bf10>,0.0,0.6076,-0.04895774,0.2679,-0.04895774,0.2679,0.0,0.6076,0.04895773,0.732,0.04895773,0.732,0.04895773,0.732
0,1,27,0.75119617,0.75,0.29337068,0.20765639,0.07638888,2,<sklearn.tree._tree.Tree object at 0x7ff32333bf10>,0.0,0.5885,-0.2076564,0.2488,-0.2076564,0.2488,0.0,0.5885,0.0,0.5885,0.0,0.5885,0.20765639,0.7511
0,1,29,0.77033493,0.67307692,0.33225806,0.20294117,0.08141321,2,<sklearn.tree._tree.Tree object at 0x7ff32333bf10>,0.0,0.6028,-0.20294118,0.2296,-0.20294118,0.2296,0.0,0.6028,0.0,0.6028,0.0,0.6028,0.20294117,0.7703
0,1,31,0.76555024,0.69230769,0.34052287,0.18244631,0.15972222,2,<sklearn.tree._tree.Tree object at 0x7ff32333bf10>,0.0,0.6172,-0.18244632,0.2344,-0.18244632,0.2344,0.0,0.6172,0.0,0.6172,0.18244631,0.7655,0.18244631,0.7655
0,1,33,0.73684211,0.8076923,0.29214891,0.18499228,0.14518518,2,<sklearn.tree._tree.Tree object at 0x7ff32333bf10>,0.0,0.5741,-0.18499229,0.2631,-0.18499229,0.2631,0.0,0.5741,0.0,0.5741,0.18499228,0.7368,0.18499228,0.7368
0,1,37,0.76076555,0.71153846,0.33078086,0.16137266,0.25,2,<sklearn.tree._tree.Tree object at 0x7ff32333bf10>,0.0,0.6076,-0.16137267,0.2392,-0.16137267,0.2392,0.0,0.6076,0.0,0.6076,0.16137266,0.7607,0.16137266,0.7607
0,1,39,0.76555024,0.69230769,0.31937984,0.18255813,0.15384615,2,<sklearn.tree._tree.Tree object at 0x7ff32333bf10>,0.0,0.6028,-0.18255814,0.2344,-0.18255814,0.2344,0.0,0.6028,0.0,0.6028,0.18255813,0.7655,0.18255813,0.7655
0,1,41,0.75119617,0.75,0.26681741,0.15564348,0.27272727,2,<sklearn.tree._tree.Tree object at 0x7ff32333bf10>,0.0,0.6028,-0.15564349,0.2488,-0.15564349,0.2488,0.0,0.6028,0.0,0.6028,0.15564348,0.7511,0.15564348,0.7511
0,1,45,0.76076555,0.71153846,0.37968119,0.20674092,0.03571428,2,<sklearn.tree._tree.Tree object at 0x7ff32333bf10>,0.0,0.5741,-0.20674093,0.2392,-0.20674093,0.2392,0.0,0.5741,0.0,0.5741,0.0,0.5741,0.20674092,0.7607
0,1,47,0.73684211,0.61538461,0.31780952,0.09238095,0.03030303,2,<sklearn.tree._tree.Tree object at 0x7ff32333bf10>,0.0,0.5837,-0.09238096,0.2631,-0.09238096,0.2631,0.0,0.5837,0.09238095,0.7368,0.09238095,0.7368,0.09238095,0.7368
0,1,49,0.76555024,0.69230769,0.27011494,0.18353118,0.15948963,2,<sklearn.tree._tree.Tree object at 0x7ff32333bf10>,0.0,0.6124,-0.18353119,0.2344,-0.18353119,0.2344,0.0,0.6124,0.0,0.6124,0.18353118,0.7655,0.18353118,0.7655
0,1,51,0.74641148,0.76923076,0.32128099,0.17768595,0.17973856,2,<sklearn.tree._tree.Tree object at 0x7ff32333bf10>,0.0,0.598,-0.17768596,0.2535,-0.17768596,0.2535,0.0,0.598,0.0,0.598,0.17768595,0.7464,0.17768595,0.7464
0,1,53,0.73684211,0.8076923,0.35529095,0.18311887,0.14285714,2,<sklearn.tree._tree.Tree object at 0x7ff32333bf10>,0.0,0.5645,-0.18311888,0.2631,-0.18311888,0.2631,0.0,0.5645,0.0,0.5645,0.18311887,0.7368,0.18311887,0.7368
0,1,55,0.77033493,0.67307692,0.28724421,0.16609294,0.2323838,2,<sklearn.tree._tree.Tree object at 0x7ff32333bf10>,0.0,0.622,-0.16609295,0.2296,-0.16609295,0.2296,0.0,0.622,0.0,0.622,0.16609294,0.7703,0.16609294,0.7703
0,1,57,0.75119617,0.75,0.33486326,0.20195065,0.08545727,2,<sklearn.tree._tree.Tree object at 0x7ff32333bf10>,0.0,0.5933,-0.20195066,0.2488,-0.20195066,0.2488,0.0,0.5933,0.0,0.5933,0.0,0.5933,0.20195065,0.7511
0,1,59,0.76076555,0.71153846,0.30804685,0.17524486,0.17857142,2,<sklearn.tree._tree.Tree object at 0x7ff32333bf10>,0.0,0.5933,-0.17524487,0.2392,-0.17524487,0.2392,0.0,0.5933,0.0,0.5933,0.17524486,0.7607,0.17524486,0.7607
0,1,61,0.75119617,0.75,0.34228377,0.1917279,0.1291866,2,<sklearn.tree._tree.Tree object at 0x7ff32333bf10>,0.0,0.5933,-0.19172791,0.2488,-0.19172791,0.2488,0.0,0.5933,0.0,0.5933,0.1917279,0.7511,0.1917279,0.7511
0,1,63,0.74162679,0.78846153,0.3316689,0.18743998,0.13690476,2,<sklearn.tree._tree.Tree object at 0x7ff32333bf10>,0.0,0.5789,-0.18743999,0.2583,-0.18743999,0.2583,0.0,0.5789,0.0,0.5789,0.18743998,0.7416,0.18743998,0.7416
0,1,65,0.77033493,0.67307692,0.33595825,0.18681214,0.14592933,2,<sklearn.tree._tree.Tree object at 0x7ff32333bf10>,0.0,0.6124,-0.18681215,0.2296,-0.18681215,0.2296,0.0,0.6124,0.0,0.6124,0.18681214,0.7703,0.18681214,0.7703
0,1,67,0.784689,0.61538461,0.27425963,0.18485751,0.14954954,2,<sklearn.tree._tree.Tree object at 0x7ff32333bf10>,0.0,0.6363,-0.18485752,0.2153,-0.18485752,0.2153,0.0,0.6363,0.0,0.6363,0.18485751,0.7846,0.18485751,0.7846
0,1,69,0.76555024,0.69230769,0.27237827,0.19672284,0.11260504,2,<sklearn.tree._tree.Tree object at 0x7ff32333bf10>,0.0,0.6076,-0.19672285,0.2344,-0.19672285,0.2344,0.0,0.6076,0.0,0.6076,0.19672284,0.7655,0.19672284,0.7655
0,1,73,0.74641148,0.57692307,0.28519924,0.12751423,-0.11674348,2,<sklearn.tree._tree.Tree object at 0x7ff32333bf10>,0.0,0.5837,-0.12751424,0.2535,-0.12751424,0.2535,0.0,0.5837,0.0,0.5837,0.12751423,0.7464,0.12751423,0.7464
0,1,75,0.74641148,0.76923076,0.31151685,0.14382022,0.31428571,2,<sklearn.tree._tree.Tree object at 0x7ff32333bf10>,0.0,0.6076,-0.14382023,0.2535,-0.14382023,0.2535,0.0,0.6076,0.0,0.6076,0.14382022,0.7464,0.14382022,0.7464
0,1,77,0.77990431,0.63461538,0.32941176,0.19654528,0.13888888,2,<sklearn.tree._tree.Tree object at 0x7ff32333bf10>,0.0,0.6124,-0.19654529,0.22,-0.19654529,0.22,0.0,0.6124,0.0,0.6124,0.19654528,0.7799,0.19654528,0.7799
0,1,79,0.73205742,0.63461538,0.27647058,0.05626185,0.17050691,2,<sklearn.tree._tree.Tree object at 0x7ff32333bf10>,0.0,0.6124,-0.05626186,0.2679,-0.05626186,0.2679,0.0,0.6124,0.05626185,0.732,0.05626185,0.732,0.05626185,0.732
0,1,81,0.73684211,0.8076923,0.35028089,0.20505617,0.08403361,2,<sklearn.tree._tree.Tree object at 0x7ff32333bf10>,0.0,0.5741,-0.20505618,0.2631,-0.20505618,0.2631,0.0,0.5741,0.0,0.5741,0.0,0.5741,0.20505617,0.7368
0,1,83,0.74162679,0.78846153,0.30961904,0.17619047,0.19696969,2,<sklearn.tree._tree.Tree object at 0x7ff32333bf10>,0.0,0.6124,-0.17619048,0.2583,-0.17619048,0.2583,0.0,0.6124,0.0,0.6124,0.17619047,0.7416,0.17619047,0.7416
0,1,85,0.75119617,0.75,0.33780991,0.18285123,0.17647058,2,<sklearn.tree._tree.Tree object at 0x7ff32333bf10>,0.0,0.5885,-0.18285124,0.2488,-0.18285124,0.2488,0.0,0.5885,0.0,0.5885,0.18285123,0.7511,0.18285123,0.7511
0,1,87,0.75119617,0.75,0.25521132,0.16226812,0.25787106,2,<sklearn.tree._tree.Tree object at 0x7ff32333bf10>,0.0,0.6172,-0.16226813,0.2488,-0.16226813,0.2488,0.0,0.6172,0.0,0.6172,0.16226812,0.7511,0.16226812,0.7511
0,1,89,0.75119617,0.75,0.31899024,0.16609294,0.2323838,2,<sklearn.tree._tree.Tree object at 0x7ff32333bf10>,0.0,0.6028,-0.16609295,0.2488,-0.16609295,0.2488,0.0,0.6028,0.0,0.6028,0.16609294,0.7511,0.16609294,0.7511
0,1,93,0.73205742,0.82692307,0.29855371,0.14979338,0.29411764,2,<sklearn.tree._tree.Tree object at 0x7ff32333bf10>,0.0,0.5885,-0.14979339,0.2679,-0.14979339,0.2679,0.0,0.5885,0.0,0.5885,0.14979338,0.732,0.14979338,0.732
0,1,95,0.74641148,0.76923076,0.35377802,0.25409836,-0.14194578,2,<sklearn.tree._tree.Tree object at 0x7ff32333bf10>,0.0,0.598,-0.25409837,0.2535,-0.25409837,0.2535,0.0,0.598,0.0,0.598,0.0,0.598,0.25409836,0.7464
0,1,97,0.76076555,0.71153846,0.34263565,0.19806201,0.07692307,2,<sklearn.tree._tree.Tree object at 0x7ff32333bf10>,0.0,0.5885,-0.19806202,0.2392,-0.19806202,0.2392,0.0,0.5885,0.0,0.5885,0.19806201,0.7607,0.19806201,0.7607
0,1,99,0.76076555,0.71153846,0.36037309,0.20651969,0.05422647,2,<sklearn.tree._tree.Tree object at 0x7ff32333bf10>,0.0,0.6172,-0.2065197,0.2392,-0.2065197,0.2392,0.0,0.6172,0.0,0.6172,0.0,0.6172,0.20651969,0.7607
0,2,1,0.85167464,0.88461538,0.32561904,0.23057142,0.16969696,2,<sklearn.tree._tree.Tree object at 0x7ff3204d5e30>,0.07409523,0.6985,0.0,0.6028,-0.23057143,0.1483,-0.23057143,0.1483,0.07409523,0.6985,0.07409523,0.6985,0.23057142,0.8516
0,2,3,0.85645933,0.86538461,0.30436432,0.21897533,0.21505376,2,<sklearn.tree._tree.Tree object at 0x7ff3204d5e30>,-0.01555978,0.6937,-0.23453511,0.2296,-0.23453511,0.2296,-0.01555978,0.6937,-0.01555978,0.6937,-0.01555978,0.6937,0.21897533,0.8564
0,2,5,0.85167464,0.88461538,0.32456308,0.20616477,0.27380952,2,<sklearn.tree._tree.Tree object at 0x7ff3204d5e30>,0.0265988,0.6937,-0.17956597,0.2344,-0.20616478,0.1483,-0.17956597,0.2344,0.0265988,0.6937,0.0265988,0.6937,0.20616477,0.8516
0,2,7,0.86124402,0.84615384,0.29078217,0.22231784,0.20389805,2,<sklearn.tree._tree.Tree object at 0x7ff3204d5e30>,0.03652706,0.6889,-0.18579079,0.244,-0.22231785,0.1387,-0.18579079,0.244,0.03652706,0.6889,0.03652706,0.6889,0.22231784,0.8612
0,2,9,0.73684211,0.78846153,0.3161157,0.13636363,0.29738562,2,<sklearn.tree._tree.Tree object at 0x7ff3204d5e30>,0.0,0.6124,-0.02272728,0.5885,-0.14876034,0.2679,0.0,0.6124,0.0,0.6124,0.13636363,0.7368,0.13636363,0.7368
0,2,11,0.86124402,0.84615384,0.27324459,0.15306712,0.46666666,2,<sklearn.tree._tree.Tree object at 0x7ff3204d5e30>,-0.02411266,0.7033,-0.17717979,0.244,-0.17717979,0.244,-0.02411266,0.7033,-0.02411266,0.7033,0.15306712,0.8612,0.15306712,0.8612
0,2,13,0.84688995,0.90384615,0.32099114,0.1830601,0.35087719,2,<sklearn.tree._tree.Tree object at 0x7ff3204d5e30>,-0.00376861,0.7033,-0.18682872,0.2392,-0.18682872,0.2392,-0.00376861,0.7033,-0.00376861,0.7033,0.1830601,0.8468,0.1830601,0.8468
0,2,15,0.86124402,0.84615384,0.31769361,0.23063877,0.15470494,2,<sklearn.tree._tree.Tree object at 0x7ff3204d5e30>,0.05860184,0.7033,0.0,0.6076,-0.23063878,0.1387,0.0,0.6076,0.05860184,0.7033,0.05860184,0.7033,0.23063877,0.8612
0,2,19,0.85167464,0.88461538,0.32028738,0.2551522,0.06874999,2,<sklearn.tree._tree.Tree object at 0x7ff3204d5e30>,0.06938929,0.6842,0.0,0.5789,-0.25515221,0.1483,0.0,0.5789,0.06938929,0.6842,0.06938929,0.6842,0.2551522,0.8516
0,2,21,0.73684211,0.78846153,0.29259962,0.14648956,0.27496159,2,<sklearn.tree._tree.Tree object at 0x7ff3204d5e30>,0.06499051,0.7224,-0.08149906,0.5885,-0.16764706,0.2727,-0.08149906,0.5885,0.06499051,0.7224,0.14648956,0.7368,0.14648956,0.7368
0,2,23,0.85167464,0.88461538,0.30694205,0.23436603,0.16041979,2,<sklearn.tree._tree.Tree object at 0x7ff3204d5e30>,0.06444826,0.6889,0.0,0.598,-0.23436604,0.1483,0.0,0.598,0.06444826,0.6889,0.06444826,0.6889,0.23436603,0.8516
0,2,25,0.75598086,0.71153846,0.27108433,0.16609294,0.19790104,2,<sklearn.tree._tree.Tree object at 0x7ff3204d5e30>,0.04895773,0.732,-0.11713521,0.5837,-0.18139224,0.2535,-0.11713521,0.5837,0.04895773,0.732,0.16609294,0.7559,0.16609294,0.7559
0,2,27,0.84688995,0.90384615,0.29337068,0.21858076,0.25,2,<sklearn.tree._tree.Tree object at 0x7ff3204d5e30>,0.01092436,0.6842,-0.2076564,0.2488,-0.21858077,0.1531,-0.2076564,0.2488,0.01092436,0.6842,0.01092436,0.6842,0.21858076,0.8468
0,2,29,0.87559809,0.78846153,0.33225806,0.2902277,-0.07219663,2,<sklearn.tree._tree.Tree object at 0x7ff3204d5e30>,0.08728652,0.7081,0.0,0.6028,-0.29022771,0.1244,-0.29022771,0.1244,0.08728652,0.7081,0.08728652,0.7081,0.2902277,0.8755
0,2,31,0.83732057,0.94230769,0.34052287,0.22670401,0.14583333,2,<sklearn.tree._tree.Tree object at 0x7ff3204d5e30>,0.0442577,0.6889,0.0,0.6172,-0.22670402,0.1626,0.0,0.6172,0.0442577,0.6889,0.0442577,0.6889,0.22670401,0.8373
0,2,33,0.8708134,0.8076923,0.29214891,0.20119598,0.27555555,2,<sklearn.tree._tree.Tree object at 0x7ff3204d5e30>,0.0162037,0.7081,-0.18499229,0.2631,-0.20119599,0.1291,-0.18499229,0.2631,0.0162037,0.7081,0.0162037,0.7081,0.20119598,0.8708
0,2,37,0.85167464,0.88461538,0.33078086,0.21563622,0.23125,2,<sklearn.tree._tree.Tree object at 0x7ff3204d5e30>,0.05426356,0.6985,0.0,0.6076,-0.21563623,0.1483,0.0,0.6076,0.05426356,0.6985,0.05426356,0.6985,0.21563622,0.8516
0,2,39,0.86124402,0.84615384,0.31937984,0.21763565,0.23076923,2,<sklearn.tree._tree.Tree object at 0x7ff3204d5e30>,0.03507751,0.6985,-0.18255814,0.2344,-0.21763566,0.1387,-0.18255814,0.2344,0.03507751,0.6985,0.03507751,0.6985,0.21763565,0.8612
0,2,41,0.88038278,0.76923076,0.26681741,0.16336913,0.4338118,2,<sklearn.tree._tree.Tree object at 0x7ff3204d5e30>,0.00772564,0.732,-0.15564349,0.2488,-0.16336914,0.1196,-0.15564349,0.2488,0.00772564,0.732,0.16336913,0.8803,0.16336913,0.8803
0,2,45,0.84688995,0.90384615,0.37968119,0.24908776,0.06547619,2,<sklearn.tree._tree.Tree object at 0x7ff3204d5e30>,0.04234684,0.6602,-0.20674093,0.2392,-0.24908777,0.1531,-0.20674093,0.2392,0.04234684,0.6602,0.04234684,0.6602,0.24908776,0.8468
0,2,47,0.74641148,0.75,0.31780952,0.19238095,0.08787878,2,<sklearn.tree._tree.Tree object at 0x7ff3204d5e30>,0.09238095,0.7368,-0.10000001,0.5741,-0.20076191,0.2583,-0.10000001,0.5741,0.09238095,0.7368,0.19238095,0.7464,0.19238095,0.7464
0,2,49,0.86124402,0.84615384,0.27011494,0.19945355,0.29027113,2,<sklearn.tree._tree.Tree object at 0x7ff3204d5e30>,0.01592236,0.7081,-0.18353119,0.2344,-0.19945356,0.1387,-0.18353119,0.2344,0.01592236,0.7081,0.19945355,0.8612,0.19945355,0.8612
0,2,51,0.86602871,0.82692307,0.32128099,0.2303719,0.14379084,2,<sklearn.tree._tree.Tree object at 0x7ff3204d5e30>,0.05268595,0.7177,-0.17768596,0.2535,-0.23037191,0.1339,-0.17768596,0.2535,0.05268595,0.7177,0.05268595,0.7177,0.2303719,0.866
0,2,53,0.86124402,0.84615384,0.35529095,0.26560399,0.01785714,2,<sklearn.tree._tree.Tree object at 0x7ff3204d5e30>,0.08248511,0.6889,0.0,0.5645,-0.265604,0.1387,0.0,0.5645,0.08248511,0.6889,0.08248511,0.6889,0.26560399,0.8612
0,2,55,0.84688995,0.90384615,0.28724421,0.19850831,0.30734632,2,<sklearn.tree._tree.Tree object at 0x7ff3204d5e30>,0.03241537,0.6985,0.0,0.622,-0.19850832,0.1531,0.0,0.622,0.03241537,0.6985,0.19850831,0.8468,0.19850831,0.8468
0,2,57,0.84688995,0.90384615,0.33486326,0.24612736,0.10044977,2,<sklearn.tree._tree.Tree object at 0x7ff3204d5e30>,0.0441767,0.6889,-0.20195066,0.2488,-0.24612737,0.1531,-0.20195066,0.2488,0.0441767,0.6889,0.0441767,0.6889,0.24612736,0.8468
0,2,59,0.86124402,0.84615384,0.30804685,0.20971768,0.24404761,2,<sklearn.tree._tree.Tree object at 0x7ff3204d5e30>,0.03447282,0.6937,-0.17524487,0.2392,-0.20971769,0.1387,-0.17524487,0.2392,0.03447282,0.6937,0.03447282,0.6937,0.20971768,0.8612
0,2,61,0.84688995,0.90384615,0.34228377,0.22734124,0.17703349,2,<sklearn.tree._tree.Tree object at 0x7ff3204d5e30>,0.03561334,0.6889,-0.19172791,0.2488,-0.22734125,0.1531,-0.19172791,0.2488,0.03561334,0.6889,0.03561334,0.6889,0.22734124,0.8468
0,2,63,0.86124402,0.84615384,0.3316689,0.23766084,0.13095238,2,<sklearn.tree._tree.Tree object at 0x7ff3204d5e30>,0.05022085,0.6985,-0.18743999,0.2583,-0.23766085,0.1387,-0.18743999,0.2583,0.05022085,0.6985,0.05022085,0.6985,0.23766084,0.8612
0,2,65,0.86124402,0.84615384,0.33595825,0.24250474,0.11981566,2,<sklearn.tree._tree.Tree object at 0x7ff3204d5e30>,0.05569259,0.7033,0.0,0.6124,-0.24250475,0.1387,0.0,0.6124,0.05569259,0.7033,0.05569259,0.7033,0.24250474,0.8612
0,2,67,0.86124402,0.84615384,0.27425963,0.18979325,0.27567567,2,<sklearn.tree._tree.Tree object at 0x7ff3204d5e30>,0.00493574,0.7129,-0.18485752,0.2153,-0.18979326,0.1387,-0.18485752,0.2153,0.00493574,0.7129,0.18979325,0.8612,0.18979325,0.8612
0,2,69,0.85167464,0.88461538,0.27237827,0.20168539,0.30756302,2,<sklearn.tree._tree.Tree object at 0x7ff3204d5e30>,0.00496254,0.6937,-0.19672285,0.2344,-0.2016854,0.1483,-0.19672285,0.2344,0.00496254,0.6937,0.00496254,0.6937,0.20168539,0.8516
0,2,73,0.74641148,0.57692307,0.28519924,0.12751423,-0.11674348,2,<sklearn.tree._tree.Tree object at 0x7ff3204d5e30>,-0.04316889,0.598,-0.1683112,0.2775,-0.17068312,0.2679,-0.04316889,0.598,-0.04316889,0.598,0.12751423,0.7464,0.12751423,0.7464
0,2,75,0.84210526,0.92307692,0.31151685,0.20749063,0.24705882,2,<sklearn.tree._tree.Tree object at 0x7ff3204d5e30>,0.06367041,0.7033,0.0,0.6076,-0.20749064,0.1578,0.0,0.6076,0.06367041,0.7033,0.06367041,0.7033,0.20749063,0.8421
0,2,77,0.86124402,0.84615384,0.32941176,0.18225957,0.39583333,2,<sklearn.tree._tree.Tree object at 0x7ff3204d5e30>,-0.01428572,0.6937,-0.19654529,0.22,-0.19654529,0.22,-0.01428572,0.6937,-0.01428572,0.6937,0.18225957,0.8612,0.18225957,0.8612
0,2,79,0.76076555,0.71153846,0.27647058,0.15085388,0.29032258,2,<sklearn.tree._tree.Tree object at 0x7ff3204d5e30>,0.06432637,0.7368,0.05626185,0.732,-0.08652752,0.5885,-0.08652752,0.5885,0.06432637,0.7368,0.15085388,0.7607,0.15085388,0.7607
0,2,81,0.8708134,0.8076923,0.35028089,0.26582397,0.04705882,2,<sklearn.tree._tree.Tree object at 0x7ff3204d5e30>,0.06076779,0.7081,-0.20505618,0.2631,-0.26582398,0.1291,-0.20505618,0.2631,0.06076779,0.7081,0.06076779,0.7081,0.26582397,0.8708
0,2,83,0.85167464,0.88461538,0.30961904,0.21847619,0.22424242,2,<sklearn.tree._tree.Tree object at 0x7ff3204d5e30>,0.04228571,0.7224,-0.17619048,0.2583,-0.2184762,0.1483,-0.17619048,0.2583,0.04228571,0.7224,0.04228571,0.7224,0.21847619,0.8516
0,2,85,0.85645933,0.86538461,0.33780991,0.22107438,0.22222222,2,<sklearn.tree._tree.Tree object at 0x7ff3204d5e30>,0.03822314,0.6937,-0.18285124,0.2488,-0.22107439,0.1435,-0.18285124,0.2488,0.03822314,0.6937,0.03822314,0.6937,0.22107438,0.8564
0,2,87,0.84688995,0.90384615,0.25521132,0.15825205,0.44677661,2,<sklearn.tree._tree.Tree object at 0x7ff3204d5e30>,-0.00401607,0.7129,-0.16226813,0.2488,-0.16226813,0.2488,-0.00401607,0.7129,-0.00401607,0.7129,0.15825205,0.8468,0.15825205,0.8468
0,2,89,0.86124402,0.84615384,0.31899024,0.24230254,0.12593703,2,<sklearn.tree._tree.Tree object at 0x7ff3204d5e30>,0.0762096,0.7129,0.0,0.6028,-0.24230255,0.1387,0.0,0.6028,0.0762096,0.7129,0.0762096,0.7129,0.24230254,0.8612
0,2,93,0.86124402,0.84615384,0.29855371,0.17665289,0.39542483,2,<sklearn.tree._tree.Tree object at 0x7ff3204d5e30>,0.0268595,0.7177,-0.14979339,0.2679,-0.1766529,0.1387,-0.14979339,0.2679,0.0268595,0.7177,0.17665289,0.8612,0.17665289,0.8612
0,2,95,0.85645933,0.86538461,0.35377802,0.23224043,0.16905901,2,<sklearn.tree._tree.Tree object at 0x7ff3204d5e30>,-0.02185793,0.7081,-0.25409837,0.2535,-0.25409837,0.2535,-0.02185793,0.7081,-0.02185793,0.7081,-0.02185793,0.7081,0.23224043,0.8564
0,2,97,0.85645933,0.86538461,0.34263565,0.20813953,0.23076923,2,<sklearn.tree._tree.Tree object at 0x7ff3204d5e30>,0.01007751,0.6842,-0.19806202,0.2392,-0.20813954,0.1435,-0.19806202,0.2392,0.01007751,0.6842,0.01007751,0.6842,0.20813953,0.8564
0,2,99,0.8708134,0.8076923,0.36037309,0.25362728,0.04944178,2,<sklearn.tree._tree.Tree object at 0x7ff3204d5e30>,0.04710759,0.7272,-0.2065197,0.2392,-0.25362729,0.1291,-0.2065197,0.2392,0.04710759,0.7272,0.04710759,0.7272,0.25362728,0.8708
0,3,1,0.88038278,0.84615384,0.32561904,0.31295238,0.37575757,2,<sklearn.tree._tree.Tree object at 0x7ff3204a6f10>,0.23057142,0.8516,0.07409523,0.7272,-0.08238096,0.5741,-0.08238096,0.5741,0.07409523,0.7272,0.07409523,0.7272,0.23057142,0.8516
0,3,3,0.87559809,0.86538461,0.30436432,0.33766603,0.27649769,2,<sklearn.tree._tree.Tree object at 0x7ff3204a6f10>,0.21897533,0.8564,0.11508538,0.7894,-0.11944972,0.6267,-0.11944972,0.6267,-0.11944972,0.6267,0.11508538,0.7894,0.21897533,0.8564
0,3,5,0.88995215,0.8076923,0.32456308,0.31111964,0.38095238,2,<sklearn.tree._tree.Tree object at 0x7ff3204a6f10>,0.20616477,0.8516,0.0265988,0.6937,-0.10495487,0.5693,-0.10495487,0.5693,0.0265988,0.6937,0.0265988,0.6937,0.20616477,0.8516
0,3,7,0.87559809,0.86538461,0.29078217,0.31191432,0.37031484,2,<sklearn.tree._tree.Tree object at 0x7ff3204d5e30>,0.22231784,0.8612,-0.14964621,0.5263,-0.33543699,0.354,-0.14964621,0.5263,-0.14964621,0.5263,-0.14964621,0.5263,0.22231784,0.8612
0,3,9,0.86602871,0.90384615,0.3161157,0.24793388,0.14052287,2,<sklearn.tree._tree.Tree object at 0x7ff3204d5e30>,0.2179752,0.8564,0.20971074,0.8516,0.19214876,0.8373,-0.04028926,0.5741,0.05578512,0.7129,0.19214876,0.8373,0.24793388,0.866
0,3,11,0.88516746,0.82692307,0.27324459,0.29388503,0.44148148,2,<sklearn.tree._tree.Tree object at 0x7ff3204d5e30>,0.15306712,0.8612,-0.02411266,0.7033,-0.319348,0.3875,-0.02411266,0.7033,-0.02411266,0.7033,0.15306712,0.8612,0.29388503,0.8851
0,3,13,0.86602871,0.90384615,0.32099114,0.31788204,0.33492822,2,<sklearn.tree._tree.Tree object at 0x7ff3204d5e30>,0.1830601,0.8468,-0.00376861,0.7033,-0.13482194,0.598,-0.00376861,0.7033,-0.00376861,0.7033,0.1830601,0.8468,0.1830601,0.8468
0,3,15,0.88038278,0.84615384,0.31769361,0.29979272,0.4322169,2,<sklearn.tree._tree.Tree object at 0x7ff3204d5e30>,0.23063877,0.8612,0.10288298,0.7464,-0.06915395,0.5885,-0.06915395,0.5885,-0.06915395,0.5885,0.10288298,0.7464,0.29979272,0.8803
0,3,19,0.85167464,0.96153846,0.32028738,0.3308754,0.30625,2,<sklearn.tree._tree.Tree object at 0x7ff3204d5e30>,0.2551522,0.8516,0.1100397,0.7464,-0.2762337,0.4114,-0.2762337,0.4114,-0.2762337,0.4114,0.1100397,0.7464,0.2551522,0.8516
0,3,21,0.87559809,0.84615384,0.29259962,0.2418406,0.15053763,2,<sklearn.tree._tree.Tree object at 0x7ff3204d5e30>,0.22134724,0.8708,0.07485768,0.7368,-0.15711575,0.5215,-0.15711575,0.5215,0.07485768,0.7368,0.07485768,0.7368,0.2418406,0.8755
0,3,23,0.8708134,0.88461538,0.30694205,0.316026,0.36131934,2,<sklearn.tree._tree.Tree object at 0x7ff384d06dc0>,0.23436603,0.8516,0.08825779,0.7416,-0.30369096,0.4066,-0.30369096,0.4066,0.08825779,0.7416,0.08825779,0.7416,0.23436603,0.8516
0,3,25,0.88995215,0.78846153,0.27108433,0.17087397,0.4377811,2,<sklearn.tree._tree.Tree object at 0x7ff384d067a0>,0.14323962,0.8803,-0.02285332,0.732,-0.26142666,0.5023,-0.02285332,0.732,-0.02285332,0.732,0.17087397,0.8899,0.17087397,0.8899
0,3,27,0.86124402,0.92307692,0.29337068,0.33155929,0.32638888,2,<sklearn.tree._tree.Tree object at 0x7ff384d06490>,0.21858076,0.8468,0.01092436,0.6842,-0.11297853,0.5741,-0.11297853,0.5741,0.01092436,0.6842,0.01092436,0.6842,0.21858076,0.8468
0,3,29,0.89473684,0.78846153,0.33225806,0.33833017,0.27496159,2,<sklearn.tree._tree.Tree object at 0x7ff3232bae30>,0.2902277,0.8755,0.08728652,0.7081,-0.30740038,0.3636,-0.30740038,0.3636,0.08728652,0.7081,0.08728652,0.7081,0.2902277,0.8755
0,3,31,0.86124402,0.92307692,0.34052287,0.33968253,0.22222222,2,<sklearn.tree._tree.Tree object at 0x7ff321ebbd50>,0.22670401,0.8373,0.06946778,0.7416,-0.11297853,0.5933,-0.11297853,0.5933,0.06946778,0.7416,0.06946778,0.7416,0.22670401,0.8373
0,3,33,0.8708134,0.8076923,0.29214891,0.20119598,0.27555555,2,<sklearn.tree._tree.Tree object at 0x7ff321ebbd50>,0.05979938,0.7511,-0.12519291,0.5885,-0.44058642,0.2727,-0.12519291,0.5885,0.05979938,0.7511,0.05979938,0.7511,0.20119598,0.8708
0,3,37,0.86602871,0.90384615,0.33078086,0.30648515,0.4,2,<sklearn.tree._tree.Tree object at 0x7ff321ebbd50>,0.21563622,0.8516,0.07052372,0.7464,-0.09084894,0.5933,-0.09084894,0.5933,0.07052372,0.7464,0.07052372,0.7464,0.21563622,0.8516
0,3,39,0.88038278,0.84615384,0.31937984,0.31385658,0.38461538,2,<sklearn.tree._tree.Tree object at 0x7ff321ebbd50>,0.21763565,0.8612,0.0863372,0.7464,-0.09622094,0.5837,-0.09622094,0.5837,0.0863372,0.7464,0.0863372,0.7464,0.21763565,0.8612
0,3,41,0.89473684,0.78846153,0.26681741,0.29649519,0.45454545,2,<sklearn.tree._tree.Tree object at 0x7ff321ebbd50>,0.16336913,0.8803,0.00772564,0.732,-0.13312606,0.5885,-0.13312606,0.5885,0.00772564,0.732,0.16336913,0.8803,0.29649519,0.8947
0,3,45,0.87559809,0.86538461,0.37968119,0.36268484,0.16071428,2,<sklearn.tree._tree.Tree object at 0x7ff321ebbd50>,0.24908776,0.8468,0.09314384,0.732,-0.11359709,0.5454,-0.11359709,0.5454,0.09314384,0.732,0.09314384,0.732,0.24908776,0.8468
0,3,47,0.88516746,0.8076923,0.31780952,0.27409523,0.02424242,2,<sklearn.tree._tree.Tree object at 0x7ff321ebbd50>,0.246,0.8755,0.22628571,0.8612,0.03390476,0.6985,-0.11971429,0.5598,0.03390476,0.6985,0.03390476,0.6985,0.27409523,0.8851
0,3,49,0.87559809,0.86538461,0.27011494,0.30309025,0.40988835,2,<sklearn.tree._tree.Tree object at 0x7ff321ebbd50>,0.19945355,0.8612,0.01592236,0.7081,-0.10363671,0.598,-0.10363671,0.598,0.01592236,0.7081,0.19945355,0.8612,0.19945355,0.8612
0,3,51,0.88038278,0.84615384,0.32128099,0.36053719,0.1862745,2,<sklearn.tree._tree.Tree object at 0x7ff321ebbd50>,0.2303719,0.866,0.04752066,0.732,-0.13016529,0.5837,-0.13016529,0.5837,0.04752066,0.732,0.04752066,0.732,0.2303719,0.866
0,3,53,0.86602871,0.90384615,0.35529095,0.35836374,0.16666666,2,<sklearn.tree._tree.Tree object at 0x7ff321ebbd50>,0.26560399,0.8612,0.09035913,0.732,-0.33829461,0.4019,-0.33829461,0.4019,0.09035913,0.732,0.09035913,0.732,0.26560399,0.8612
0,3,55,0.89473684,0.78846153,0.28724421,0.30015299,0.43028485,2,<sklearn.tree._tree.Tree object at 0x7ff321ebbd50>,0.19850831,0.8468,0.03241537,0.6985,-0.10164468,0.5741,-0.10164468,0.5741,0.03241537,0.6985,0.19850831,0.8468,0.19850831,0.8468
0,3,57,0.8708134,0.88461538,0.33486326,0.34394721,0.24887556,2,<sklearn.tree._tree.Tree object at 0x7ff321ebbd50>,0.24612736,0.8468,0.0441767,0.6889,-0.34748518,0.3684,-0.34748518,0.3684,0.0441767,0.6889,0.0441767,0.6889,0.24612736,0.8468
0,3,59,0.88516746,0.82692307,0.30804685,0.30679854,0.38690476,2,<sklearn.tree._tree.Tree object at 0x7ff321ebbd50>,0.20971768,0.8612,-0.15440753,0.5311,-0.28596121,0.4066,-0.15440753,0.5311,-0.15440753,0.5311,-0.15440753,0.5311,0.20971768,0.8612
0,3,61,0.85645933,0.94230769,0.34228377,0.32278123,0.32695374,2,<sklearn.tree._tree.Tree object at 0x7ff321ebbd50>,0.22734124,0.8468,0.09628792,0.7416,-0.09543999,0.5837,-0.09543999,0.5837,0.09628792,0.7416,0.09628792,0.7416,0.22734124,0.8468
0,3,63,0.8708134,0.88461538,0.3316689,0.35125792,0.22619047,2,<sklearn.tree._tree.Tree object at 0x7ff321ebbd50>,0.23766084,0.8612,0.0738429,0.732,-0.30603035,0.4114,-0.30603035,0.4114,0.0738429,0.732,0.0738429,0.732,0.23766084,0.8612
0,3,65,0.8708134,0.88461538,0.33595825,0.34136622,0.26113671,2,<sklearn.tree._tree.Tree object at 0x7ff321ebbd50>,0.24250474,0.8612,0.14601518,0.8038,-0.0085389,0.7033,-0.0085389,0.7033,-0.0085389,0.7033,0.14601518,0.8038,0.24250474,0.8612
0,3,67,0.88038278,0.84615384,0.27425963,0.28590054,0.47387387,2,<sklearn.tree._tree.Tree object at 0x7ff321ebbd50>,0.18979325,0.8612,0.00493574,0.7129,-0.09610729,0.6172,-0.09610729,0.6172,0.00493574,0.7129,0.18979325,0.8612,0.28590054,0.8803
0,3,69,0.88038278,0.84615384,0.27237827,0.30973782,0.39831932,2,<sklearn.tree._tree.Tree object at 0x7ff321d71ce0>,0.20168539,0.8516,0.06610486,0.7751,-0.13061798,0.6172,-0.13061798,0.6172,0.06610486,0.7751,0.06610486,0.7751,0.20168539,0.8516
0,3,73,0.88038278,0.82692307,0.28519924,0.22637571,0.26267281,2,<sklearn.tree._tree.Tree object at 0x7ff321d71ce0>,0.20958254,0.8755,0.20151802,0.8708,0.18235294,0.8564,-0.06233397,0.5837,0.01166982,0.7081,0.18235294,0.8564,0.22637571,0.8803
0,3,75,0.86602871,0.90384615,0.31151685,0.30140449,0.42689075,2,<sklearn.tree._tree.Tree object at 0x7ff321d71ce0>,0.20749063,0.8421,0.04990636,0.7224,-0.30355806,0.3827,-0.30355806,0.3827,0.04990636,0.7224,0.04990636,0.7224,0.20749063,0.8421
0,3,77,0.88516746,0.82692307,0.32941176,0.31475256,0.38194444,2,<sklearn.tree._tree.Tree object at 0x7ff321d71ce0>,0.18225957,0.8612,-0.01428572,0.6937,-0.132493,0.5885,-0.01428572,0.6937,-0.01428572,0.6937,0.18225957,0.8612,0.18225957,0.8612
0,3,79,0.8708134,0.84615384,0.27647058,0.16555977,0.37480798,2,<sklearn.tree._tree.Tree object at 0x7ff321d71ce0>,0.15749525,0.866,0.01470588,0.7224,-0.08652752,0.5885,-0.08652752,0.5885,0.01470588,0.7224,0.16555977,0.8708,0.16555977,0.8708
0,3,81,0.8708134,0.88461538,0.35028089,0.35140449,0.25546218,2,<sklearn.tree._tree.Tree object at 0x7ff321d71ce0>,0.14634831,0.7081,-0.23211611,0.3827,-0.37846442,0.2488,-0.23211611,0.3827,-0.23211611,0.3827,0.14634831,0.7081,0.14634831,0.7081
0,3,83,0.85645933,0.94230769,0.30961904,0.29285714,0.46363636,2,<sklearn.tree._tree.Tree object at 0x7ff321d71ce0>,0.21847619,0.8516,0.04228571,0.7224,-0.07438096,0.6076,-0.07438096,0.6076,0.04228571,0.7224,0.04228571,0.7224,0.29285714,0.8564
0,3,85,0.87559809,0.86538461,0.33780991,0.34917355,0.24183006,2,<sklearn.tree._tree.Tree object at 0x7ff321d71ce0>,0.22107438,0.8564,0.05475206,0.732,-0.12809918,0.5693,-0.12809918,0.5693,0.05475206,0.732,0.05475206,0.732,0.22107438,0.8564
0,3,87,0.8708134,0.88461538,0.25521132,0.30426467,0.42128935,2,<sklearn.tree._tree.Tree object at 0x7ff321d71ce0>,0.15825205,0.8468,-0.00401607,0.7129,-0.14601263,0.5933,-0.00401607,0.7129,-0.00401607,0.7129,0.15825205,0.8468,0.15825205,0.8468
0,3,89,0.88516746,0.82692307,0.31899024,0.35188372,0.2143928,2,<sklearn.tree._tree.Tree object at 0x7ff321d71ce0>,0.24230254,0.8612,0.05651176,0.7272,-0.10958119,0.5789,-0.10958119,0.5789,0.05651176,0.7272,0.05651176,0.7272,0.24230254,0.8612
0,3,93,0.87559809,0.86538461,0.29855371,0.2964876,0.44444444,2,<sklearn.tree._tree.Tree object at 0x7ff321d71ce0>,0.17665289,0.8612,-0.22107439,0.5215,-0.37086777,0.3779,-0.22107439,0.5215,-0.22107439,0.5215,0.17665289,0.8612,0.2964876,0.8755
0,3,95,0.87559809,0.86538461,0.35377802,0.3703599,0.13078149,2,<sklearn.tree._tree.Tree object at 0x7ff321d71ce0>,0.23224043,0.8564,-0.02185793,0.7081,-0.40145092,0.3875,-0.02185793,0.7081,-0.02185793,0.7081,-0.02185793,0.7081,0.23224043,0.8564
0,3,97,0.88038278,0.84615384,0.34263565,0.33236434,0.26923076,2,<sklearn.tree._tree.Tree object at 0x7ff321d71ce0>,0.20813953,0.8564,0.01007751,0.6842,-0.34612404,0.3732,-0.34612404,0.3732,0.01007751,0.6842,0.01007751,0.6842,0.20813953,0.8564
0,3,99,0.8708134,0.88461538,0.36037309,0.34576973,0.22169059,2,<sklearn.tree._tree.Tree object at 0x7ff321d71ce0>,0.13925004,0.7272,0.0,0.6172,-0.40427737,0.2535,-0.40427737,0.2535,0.0,0.6172,0.13925004,0.7272,0.13925004,0.7272
0,4,1,0.88038278,0.82692307,0.32561904,0.28485714,0.35454545,2,<sklearn.tree._tree.Tree object at 0x7ff321c67ea0>,0.238,0.8708,0.20247619,0.8516,0.00085714,0.6937,-0.12752381,0.5693,0.00085714,0.6937,0.00085714,0.6937,0.28485714,0.8803
0,4,3,0.88995215,0.82692307,0.30436432,0.31347248,0.21198156,2,<sklearn.tree._tree.Tree object at 0x7ff321c67ab0>,0.21394686,0.8851,-0.02058824,0.7224,-0.03975333,0.7081,-0.02058824,0.7224,-0.02058824,0.7224,-0.02058824,0.7224,0.21394686,0.8851
0,4,5,0.89952153,0.78846153,0.32456308,0.3382946,0.33928571,2,<sklearn.tree._tree.Tree object at 0x7ff321d71ce0>,0.27069329,0.8803,0.25571346,0.8755,0.2285385,0.866,-0.11186864,0.6124,0.06769733,0.7703,0.19118494,0.8468,0.27069329,0.8803
0,4,7,0.88995215,0.8076923,0.29078217,0.27816026,0.12593703,2,<sklearn.tree._tree.Tree object at 0x7ff321d71ce0>,0.2625741,0.8851,0.23493975,0.8755,0.20673168,0.8564,-0.08424173,0.598,-0.08424173,0.598,0.10154905,0.7703,0.27816026,0.8899
0,4,9,0.88516746,0.86538461,0.3161157,0.31095041,0.33006535,2,<sklearn.tree._tree.Tree object at 0x7ff321d71ce0>,0.23966942,0.8708,0.23140495,0.866,0.22314049,0.8612,-0.10640496,0.6028,-0.10640496,0.6028,0.18388429,0.8325,0.23966942,0.8708
0,4,11,0.88995215,0.84615384,0.27324459,0.29716435,0.40148148,2,<sklearn.tree._tree.Tree object at 0x7ff321d71ce0>,0.19010416,0.8851,0.17573302,0.8803,0.1419753,0.8612,-0.14101081,0.6172,0.03616898,0.7751,0.19010416,0.8851,0.29716435,0.8899
0,4,13,0.8708134,0.90384615,0.32099114,0.33587714,0.33492822,2,<sklearn.tree._tree.Tree object at 0x7ff321d71ce0>,0.21914452,0.866,0.20114942,0.8612,0.1749576,0.8516,-0.14330131,0.6315,0.04352741,0.7751,0.1749576,0.8516,0.21914452,0.866
0,4,15,0.88995215,0.84615384,0.31769361,0.29319766,0.4322169,2,<sklearn.tree._tree.Tree object at 0x7ff321d71ce0>,0.24543056,0.8851,0.22743546,0.8803,0.20604861,0.866,-0.11221029,0.6076,0.05982664,0.7655,0.05982664,0.7655,0.29319766,0.8899
0,4,19,0.8708134,0.86538461,0.32028738,0.24588769,0.11875,2,<sklearn.tree._tree.Tree object at 0x7ff321d71ce0>,0.10512384,0.7751,-0.01446399,0.6698,-0.20022689,0.5023,-0.01446399,0.6698,-0.01446399,0.6698,0.10512384,0.7751,0.24588769,0.8708
0,4,21,0.88516746,0.84615384,0.29259962,0.29364326,0.37173579,2,<sklearn.tree._tree.Tree object at 0x7ff321d71ce0>,0.23377609,0.8803,0.22571157,0.8755,0.07106261,0.7511,-0.07542695,0.6172,0.07106261,0.7511,0.07106261,0.7511,0.29364326,0.8851
0,4,23,0.88038278,0.88461538,0.30694205,0.30780263,0.36131934,2,<sklearn.tree._tree.Tree object at 0x7ff321d71ce0>,0.23436603,0.8708,0.20290686,0.866,0.06980302,0.7846,-0.04484606,0.6794,0.06980302,0.7846,0.06980302,0.7846,0.23436603,0.8708
0,4,25,0.89473684,0.78846153,0.27108433,0.16293746,0.4377811,2,<sklearn.tree._tree.Tree object at 0x7ff321d71ce0>,0.15500095,0.8899,0.14323962,0.8803,0.12707974,0.866,-0.0390132,0.7177,-0.0390132,0.7177,0.16293746,0.8947,0.16293746,0.8947
0,4,27,0.87559809,0.86538461,0.29337068,0.32315592,0.29861111,2,<sklearn.tree._tree.Tree object at 0x7ff321d71ce0>,0.20690943,0.7942,0.18767507,0.7799,-0.01998133,0.6172,-0.01998133,0.6172,-0.01998133,0.6172,0.18767507,0.7799,0.20690943,0.7942
0,4,29,0.90430622,0.76923076,0.33225806,0.3060721,0.24270353,2,<sklearn.tree._tree.Tree object at 0x7ff321d71ce0>,0.28083491,0.8995,0.25796963,0.8851,0.13795066,0.7894,-0.06499052,0.622,-0.06499052,0.622,0.13795066,0.7894,0.28083491,0.8995
0,4,31,0.8708134,0.88461538,0.34052287,0.32287581,0.22222222,2,<sklearn.tree._tree.Tree object at 0x7ff321d71ce0>,0.2264239,0.8612,0.1955182,0.8516,0.05135387,0.7751,-0.13109244,0.6267,0.05135387,0.7751,0.1955182,0.8516,0.2264239,0.8612
0,4,33,0.89473684,0.8076923,0.29214891,0.21354166,0.27555555,2,<sklearn.tree._tree.Tree object at 0x7ff321d71ce0>,0.19135802,0.8851,0.16994598,0.8708,0.07648533,0.7894,-0.10850695,0.6267,0.07648533,0.7894,0.19135802,0.8851,0.21354166,0.8947
0,4,37,0.88038278,0.86538461,0.33078086,0.19360937,0.3,2,<sklearn.tree._tree.Tree object at 0x7ff321d71ce0>,0.03223671,0.7272,-0.2435243,0.4593,-0.35148422,0.3492,-0.2435243,0.4593,0.03223671,0.7272,0.19360937,0.8803,0.19360937,0.8803
0,4,39,0.88516746,0.82692307,0.31937984,0.30610465,0.34615384,2,<sklearn.tree._tree.Tree object at 0x7ff321d71ce0>,0.23187984,0.8803,0.21337209,0.8755,0.06763565,0.7846,-0.13691861,0.6076,0.06763565,0.7846,0.06763565,0.7846,0.23187984,0.8803
0,4,41,0.89952153,0.8076923,0.26681741,0.30139438,0.40191387,2,<sklearn.tree._tree.Tree object at 0x7ff321d71ce0>,0.19785189,0.8086,0.0422084,0.6602,0.02741661,0.6459,-0.11833428,0.4976,0.0422084,0.6602,0.19785189,0.8086,0.19785189,0.8086
0,4,45,0.87559809,0.84615384,0.37968119,0.33550989,0.13095238,2,<sklearn.tree._tree.Tree object at 0x7ff321d71ce0>,0.25926637,0.866,0.2219128,0.8468,0.05396581,0.7416,-0.07480315,0.6267,0.05396581,0.7416,0.05396581,0.7416,0.25926637,0.866
0,4,47,0.89473684,0.8076923,0.31780952,0.27409523,0.02424242,2,<sklearn.tree._tree.Tree object at 0x7ff321d71ce0>,0.26609523,0.8899,0.25809523,0.8851,0.23038095,0.866,-0.11638096,0.5741,0.07599999,0.7368,0.07599999,0.7368,0.27409523,0.8947
0,4,49,0.88038278,0.86538461,0.27011494,0.32438289,0.3875598,2,<sklearn.tree._tree.Tree object at 0x7ff321d71ce0>,0.30309025,0.8755,0.27689843,0.866,0.17335594,0.7846,-0.01017525,0.6315,-0.01017525,0.6315,0.17335594,0.7846,0.27689843,0.866
0,4,51,0.88995215,0.82692307,0.32128099,0.32438016,0.18300653,2,<sklearn.tree._tree.Tree object at 0x7ff321d71ce0>,0.303719,0.8755,0.1911157,0.7894,0.01342975,0.6411,-0.13946281,0.5071,0.01342975,0.6411,0.1911157,0.7894,0.1911157,0.7894
0,4,53,0.88038278,0.86538461,0.35529095,0.26714038,-0.01190477,2,<sklearn.tree._tree.Tree object at 0x7ff321d71ce0>,0.21403879,0.8708,0.09842519,0.7894,-0.21461495,0.5406,-0.21461495,0.5406,0.09842519,0.7894,0.09842519,0.7894,0.26714038,0.8803
0,4,55,0.89952153,0.78846153,0.28724421,0.31985083,0.42128935,2,<sklearn.tree._tree.Tree object at 0x7ff321d71ce0>,0.30015299,0.8947,0.23082807,0.8755,0.20730541,0.866,-0.10833812,0.598,0.09007458,0.7751,0.09007458,0.7751,0.23082807,0.8755
0,4,57,0.88038278,0.86538461,0.33486326,0.31220118,0.2143928,2,<sklearn.tree._tree.Tree object at 0x7ff321d71ce0>,0.23465289,0.8708,0.10566073,0.7894,0.08538917,0.7751,-0.11656149,0.6172,0.08538917,0.7751,0.10566073,0.7894,0.23465289,0.8708
0,4,59,0.89952153,0.78846153,0.30804685,0.27885538,0.32142857,2,<sklearn.tree._tree.Tree object at 0x7ff321d71ce0>,0.21480699,0.8851,0.18177453,0.8755,0.06616093,0.7846,-0.10908393,0.6172,0.06616093,0.7846,0.18177453,0.8755,0.27885538,0.8995
0,4,61,0.87559809,0.88461538,0.34228377,0.22413793,0.16905901,2,<sklearn.tree._tree.Tree object at 0x7ff321d71ce0>,0.08121349,0.7942,0.04833239,0.7751,-0.14339552,0.6172,-0.14339552,0.6172,0.08121349,0.7942,0.08121349,0.7942,0.22413793,0.8755
0,4,63,0.88516746,0.84615384,0.3316689,0.25417706,0.125,2,<sklearn.tree._tree.Tree object at 0x7ff321d71ce0>,0.21480699,0.8803,0.09564048,0.8038,0.07480314,0.7894,-0.11263684,0.6267,0.09564048,0.8038,0.09564048,0.8038,0.25417706,0.8851
0,4,65,0.88516746,0.84615384,0.33595825,0.23681214,0.11981566,2,<sklearn.tree._tree.Tree object at 0x7ff321d71ce0>,0.21394686,0.8708,0.12115749,0.8038,-0.0085389,0.7033,-0.0085389,0.7033,-0.0085389,0.7033,0.12115749,0.8038,0.23681214,0.8851
0,4,67,0.88995215,0.82692307,0.27425963,0.27146582,0.35315315,2,<sklearn.tree._tree.Tree object at 0x7ff321d71ce0>,0.24445893,0.8708,0.05960141,0.7224,0.05364127,0.7177,-0.06537531,0.6172,0.05960141,0.7224,0.05960141,0.7224,0.27146582,0.8899
0,4,69,0.88995215,0.84615384,0.27237827,0.30393258,0.39831932,2,<sklearn.tree._tree.Tree object at 0x7ff321d71ce0>,0.21292134,0.8755,0.19372659,0.8708,0.06395131,0.7846,-0.13277154,0.6267,0.06395131,0.7846,0.19372659,0.8708,0.21292134,0.8755
0,4,73,0.88516746,0.84615384,0.28519924,0.23814041,0.23041474,2,<sklearn.tree._tree.Tree object at 0x7ff321d71ce0>,0.21764705,0.8803,0.20958254,0.8755,0.20151802,0.8708,-0.12457306,0.6172,-0.12457306,0.6172,0.17428842,0.8516,0.23814041,0.8851
0,4,75,0.88038278,0.88461538,0.31151685,0.28726591,0.45546218,2,<sklearn.tree._tree.Tree object at 0x7ff321d71ce0>,0.20749063,0.8708,0.17162921,0.866,0.04185393,0.7799,-0.07986892,0.665,0.04185393,0.7799,0.17162921,0.866,0.28726591,0.8803
0,4,77,0.89473684,0.76923076,0.32941176,0.30065359,0.33333333,2,<sklearn.tree._tree.Tree object at 0x7ff321d71ce0>,0.20690943,0.8851,0.16816059,0.8708,-0.02838469,0.7033,-0.02838469,0.7033,-0.02838469,0.7033,0.16816059,0.8708,0.20690943,0.8851
0,4,79,0.87559809,0.84615384,0.27647058,0.28491461,0.3563748,2,<sklearn.tree._tree.Tree object at 0x7ff321d71ce0>,0.16555977,0.8708,0.15749525,0.866,0.02343453,0.7511,-0.24383302,0.5215,0.02343453,0.7511,0.16555977,0.8708,0.28491461,0.8755
0,4,81,0.88995215,0.82692307,0.35028089,0.26872659,0.07563025,2,<sklearn.tree._tree.Tree object at 0x7ff321d71ce0>,0.24953183,0.8851,0.1309925,0.8038,-0.07406368,0.6411,-0.07406368,0.6411,-0.07406368,0.6411,0.1309925,0.8038,0.26872659,0.8899
0,4,83,0.88038278,0.84615384,0.30961904,0.23409523,0.23636363,2,<sklearn.tree._tree.Tree object at 0x7ff321d71ce0>,0.20599999,0.8708,0.06761904,0.7703,-0.10857143,0.6411,-0.10857143,0.6411,0.06761904,0.7703,0.06761904,0.7703,0.23409523,0.8803
0,4,85,0.88516746,0.86538461,0.33780991,0.3429752,0.24183006,2,<sklearn.tree._tree.Tree object at 0x7ff321d71ce0>,0.23243801,0.8803,0.19421487,0.8755,0.053719,0.7846,-0.14669422,0.6076,0.053719,0.7846,0.19421487,0.8755,0.23243801,0.8803
0,4,87,0.88038278,0.88461538,0.25521132,0.2960413,0.42128935,2,<sklearn.tree._tree.Tree object at 0x7ff321d71ce0>,0.18646012,0.8755,0.15500095,0.8708,0.11856951,0.8516,-0.15270607,0.6363,0.00956205,0.7703,0.18646012,0.8755,0.2960413,0.8803
0,4,89,0.88995215,0.8076923,0.31899024,0.3080895,0.32683658,2,<sklearn.tree._tree.Tree object at 0x7ff321d71ce0>,0.21877988,0.8803,0.19850831,0.866,0.08538917,0.7751,-0.08070377,0.6267,0.08538917,0.7751,0.19850831,0.866,0.21877988,0.8803
0,4,93,0.88516746,0.86538461,0.29855371,0.29028925,0.44444444,2,<sklearn.tree._tree.Tree object at 0x7ff321d71ce0>,0.24999999,0.8708,0.09814049,0.7751,-0.03822315,0.6507,-0.03822315,0.6507,0.09814049,0.7751,0.09814049,0.7751,0.29028925,0.8851
0,4,95,0.88516746,0.86538461,0.35377802,0.36376483,0.13078149,2,<sklearn.tree._tree.Tree object at 0x7ff321d71ce0>,0.24373469,0.8803,0.14188807,0.8229,-0.11221029,0.6746,-0.11221029,0.6746,-0.11221029,0.6746,0.14188807,0.8229,0.24373469,0.8803
0,4,97,0.89473684,0.8076923,0.34263565,0.31385658,0.19230769,2,<sklearn.tree._tree.Tree object at 0x7ff321d71ce0>,0.16812015,0.8038,-0.02994187,0.6315,-0.05668605,0.6076,-0.02994187,0.6315,-0.02994187,0.6315,0.16812015,0.8038,0.16812015,0.8038
0,4,99,0.88995215,0.8076923,0.36037309,0.2438289,0.01116427,2,<sklearn.tree._tree.Tree object at 0x7ff321d71ce0>,0.21754286,0.8803,0.01102317,0.7368,-0.28641417,0.4736,-0.28641417,0.4736,0.01102317,0.7368,0.01102317,0.7368,0.2438289,0.8899
0,5,1,0.90909091,0.88461538,0.32561904,0.27,0.24848484,2,<sklearn.tree._tree.Tree object at 0x7ff321d85810>,0.246,0.9043,0.20247619,0.8803,0.19447619,0.8755,-0.10019048,0.6363,0.04399999,0.7751,0.19447619,0.8755,0.27,0.909
0,5,3,0.90909091,0.84615384,0.30436432,0.23311195,0.21351766,2,<sklearn.tree._tree.Tree object at 0x7ff321d71ce0>,0.22504743,0.9043,0.13159392,0.8421,-0.10294118,0.6794,-0.10294118,0.6794,-0.10294118,0.6794,0.13159392,0.8421,0.23311195,0.909
0,5,5,0.91866029,0.8076923,0.32456308,0.34693681,0.38095238,2,<sklearn.tree._tree.Tree object at 0x7ff321d71ce0>,0.29585173,0.9138,0.25062415,0.8899,0.14009986,0.8229,-0.11974266,0.6076,0.08776646,0.7894,0.14009986,0.8229,0.29585173,0.9138
0,5,7,0.9138756,0.92307692,0.29078217,0.27844712,0.29985007,2,<sklearn.tree._tree.Tree object at 0x7ff321d71ce0>,0.26228724,0.909,0.23054121,0.8899,0.12182061,0.8229,-0.10393957,0.622,0.09361254,0.8038,0.12182061,0.8229,0.27844712,0.9138
0,5,9,0.89473684,0.92307692,0.3161157,0.25413223,0.30718954,2,<sklearn.tree._tree.Tree object at 0x7ff321d71ce0>,0.24586776,0.8899,0.2376033,0.8851,0.22933884,0.8803,-0.15185951,0.5837,-0.15185951,0.5837,0.19008264,0.8516,0.25413223,0.8947
0,5,11,0.89952153,0.90384615,0.27324459,0.1958912,0.43259259,2,<sklearn.tree._tree.Tree object at 0x7ff321d71ce0>,0.17119984,0.8899,0.13744212,0.8708,0.03742283,0.8086,-0.15084877,0.6411,0.03742283,0.8086,0.1958912,0.8995,0.1958912,0.8995
0,5,13,0.90430622,0.96153846,0.32099114,0.26841906,0.32057416,2,<sklearn.tree._tree.Tree object at 0x7ff321d71ce0>,0.23063877,0.8899,0.12059543,0.8277,0.08780855,0.8086,-0.15488977,0.6267,0.08780855,0.8086,0.12059543,0.8277,0.26841906,0.9043
0,5,15,0.90909091,0.88461538,0.31769361,0.26681741,0.17703349,2,<sklearn.tree._tree.Tree object at 0x7ff321d85810>,0.23233465,0.8947,0.22413793,0.8899,0.0993028,0.8133,-0.11541361,0.6267,0.0993028,0.8133,0.0993028,0.8133,0.26681741,0.909
0,5,19,0.91866029,0.92307692,0.32028738,0.31792399,0.1875,2,<sklearn.tree._tree.Tree object at 0x7ff321d71ce0>,0.28890149,0.909,0.26564567,0.8995,0.23312535,0.8803,-0.03998866,0.6794,0.09822272,0.799,0.09822272,0.799,0.28890149,0.909
0,5,21,0.90909091,0.82692307,0.29259962,0.26233396,0.19815668,2,<sklearn.tree._tree.Tree object at 0x7ff321d71ce0>,0.25426944,0.9043,0.22703984,0.8851,0.17324478,0.8421,-0.07409868,0.6267,0.07239089,0.7607,0.17324478,0.8421,0.26233396,0.909
0,5,23,0.89952153,0.94230769,0.30694205,0.25846242,0.29085457,2,<sklearn.tree._tree.Tree object at 0x7ff321d71ce0>,0.23876458,0.8947,0.21113023,0.8851,0.08242493,0.8181,-0.0724804,0.6794,0.08242493,0.8181,0.08242493,0.8181,0.25846242,0.8995
0,5,25,0.91866029,0.78846153,0.27108433,0.21495505,0.51574212,2,<sklearn.tree._tree.Tree object at 0x7ff321d71ce0>,0.18320902,0.909,0.17527251,0.9043,0.15500095,0.8899,-0.09982789,0.665,0.08242493,0.8277,0.18320902,0.909,0.21495505,0.9186
0,5,27,0.91866029,0.92307692,0.29337068,0.29094304,0.34722222,2,<sklearn.tree._tree.Tree object at 0x7ff321d71ce0>,0.2684407,0.9138,0.24621848,0.9043,0.21260504,0.8851,-0.14733894,0.6172,0.07955182,0.7942,0.10718954,0.8133,0.29094304,0.9186
0,5,29,0.92344498,0.82692307,0.33225806,0.30872865,0.02304147,2,<sklearn.tree._tree.Tree object at 0x7ff321d71ce0>,0.28823529,0.9186,0.28017077,0.9138,0.16318785,0.8421,-0.07068312,0.6555,-0.07068312,0.6555,0.16318785,0.8421,0.28823529,0.9186
0,5,31,0.90909091,0.96153846,0.34052287,0.32128851,0.11805555,2,<sklearn.tree._tree.Tree object at 0x7ff321d85880>,0.2792717,0.9043,0.23211951,0.8851,0.09878618,0.8277,-0.15060691,0.6363,0.09878618,0.8277,0.09878618,0.8277,0.2792717,0.9043
0,5,33,0.9138756,0.88461538,0.29214891,0.25385802,0.28148148,2,<sklearn.tree._tree.Tree object at 0x7ff321d85b20>,0.22463348,0.9043,0.21026234,0.8995,0.18354552,0.8899,-0.11381173,0.6507,0.07118055,0.8133,0.18354552,0.8899,0.25385802,0.9138
0,5,37,0.90430622,0.86538461,0.33078086,0.21223293,0.3,2,<sklearn.tree._tree.Tree object at 0x7ff321d85b20>,0.20410285,0.8995,0.11221402,0.8373,0.08546038,0.8181,-0.07591228,0.665,0.08546038,0.8181,0.11221402,0.8373,0.21223293,0.9043
0,5,39,0.91866029,0.92307692,0.31937984,0.31288759,0.23076923,2,<sklearn.tree._tree.Tree object at 0x7ff321cf5f80>,0.28963178,0.9138,0.24738372,0.8995,0.11288759,0.8325,-0.13042636,0.6315,0.08963178,0.8181,0.11288759,0.8325,0.28963178,0.9138
0,5,41,0.9138756,0.84615384,0.26681741,0.22743546,0.31259968,2,<sklearn.tree._tree.Tree object at 0x7ff321d85b20>,0.16996419,0.8995,0.06811758,0.8325,0.05502166,0.8229,-0.10062183,0.6746,0.06811758,0.8325,0.16996419,0.8995,0.22743546,0.9138
0,5,45,0.89473684,0.90384615,0.37968119,0.31947378,0.06547619,2,<sklearn.tree._tree.Tree object at 0x7ff321d85b20>,0.29585173,0.8899,0.25062415,0.866,0.24275014,0.8612,-0.08267717,0.622,0.07480314,0.7559,0.07480314,0.7559,0.29585173,0.8899
0,5,47,0.92344498,0.75,0.31780952,0.32209523,0.21515151,2,<sklearn.tree._tree.Tree object at 0x7ff321d85b20>,0.29380952,0.9186,0.28580952,0.9138,0.27780952,0.909,-0.05333334,0.6555,-0.05333334,0.6555,0.17885714,0.8468,0.29380952,0.9186
0,5,49,0.9138756,0.90384615,0.27011494,0.25692481,0.34290271,2,<sklearn.tree._tree.Tree object at 0x7ff321d85b20>,0.15837573,0.8564,0.13378556,0.8421,0.10420199,0.8229,-0.07932919,0.6698,-0.07932919,0.6698,0.15837573,0.8564,0.25692481,0.9138
0,5,51,0.90430622,0.86538461,0.32128099,0.22933884,0.22222222,2,<sklearn.tree._tree.Tree object at 0x7ff321d85b20>,0.20661157,0.8947,0.09814049,0.8325,0.08987603,0.8277,-0.11673554,0.6602,0.09814049,0.8325,0.09814049,0.8325,0.22933884,0.9043
0,5,53,0.90430622,0.92307692,0.35529095,0.34232763,-0.05357143,2,<sklearn.tree._tree.Tree object at 0x7ff321d85b20>,0.30295755,0.8995,0.24198194,0.8851,0.222681,0.8803,-0.23314769,0.5502,0.08776646,0.8038,0.19829076,0.8708,0.24198194,0.8851
0,5,55,0.9138756,0.82692307,0.28724421,0.29192962,0.49925037,2,<sklearn.tree._tree.Tree object at 0x7ff321d85b20>,0.22671638,0.9043,0.20290686,0.8899,0.09418626,0.8229,-0.10422643,0.6459,0.09418626,0.8229,0.09418626,0.8229,0.29192962,0.9138
0,5,57,0.90430622,0.90384615,0.33486326,0.28667049,0.10944527,2,<sklearn.tree._tree.Tree object at 0x7ff321d85b20>,0.25903614,0.8947,0.13033084,0.8277,0.09801109,0.8086,-0.14008415,0.6267,0.09801109,0.8086,0.13033084,0.8277,0.28667049,0.9043
0,5,59,0.90430622,0.78846153,0.30804685,0.27098137,0.32142857,2,<sklearn.tree._tree.Tree object at 0x7ff321d85b20>,0.23132321,0.8995,0.19041674,0.8851,0.1660265,0.8755,-0.12761667,0.6363,0.0555022,0.8086,0.19041674,0.8851,0.27098137,0.9043
0,5,61,0.90430622,0.88461538,0.34228377,0.27661579,0.16905901,2,<sklearn.tree._tree.Tree object at 0x7ff321d85b20>,0.25862068,0.8995,0.22413793,0.8851,0.10260033,0.8181,-0.16798568,0.6124,0.06152251,0.7942,0.10260033,0.8181,0.27661579,0.9043
0,5,63,0.9138756,0.86538461,0.3316689,0.29431534,0.16666666,2,<sklearn.tree._tree.Tree object at 0x7ff321d85b20>,0.27069329,0.909,0.25571346,0.9043,0.14163625,0.8516,-0.11542155,0.6459,0.07201843,0.8086,0.14163625,0.8516,0.29431534,0.9138
0,5,65,0.90909091,0.88461538,0.33595825,0.27713472,0.21505376,2,<sklearn.tree._tree.Tree object at 0x7ff321d85b20>,0.24857685,0.8995,0.15882352,0.8468,0.15075901,0.8421,-0.00986718,0.7224,-0.00986718,0.7224,0.15882352,0.8468,0.27713472,0.909
0,5,67,0.90909091,0.88461538,0.27425963,0.21931458,0.35495495,2,<sklearn.tree._tree.Tree object at 0x7ff321d85b20>,0.19640528,0.9043,0.18793071,0.8995,0.07049729,0.8229,-0.14984169,0.6507,0.07049729,0.8229,0.19640528,0.9043,0.21931458,0.909
0,5,69,0.90909091,0.88461538,0.27237827,0.23576779,0.33781512,2,<sklearn.tree._tree.Tree object at 0x7ff321d85b20>,0.11760299,0.8421,0.10926966,0.8373,0.08717228,0.8229,-0.16320225,0.6267,0.08717228,0.8229,0.11760299,0.8421,0.23576779,0.909
0,5,73,0.89952153,0.88461538,0.28519924,0.24117647,0.32565284,2,<sklearn.tree._tree.Tree object at 0x7ff321d85b20>,0.23311195,0.8947,0.22504743,0.8899,0.19781783,0.8708,-0.12020873,0.622,-0.12020873,0.622,0.19781783,0.8708,0.24117647,0.8995
0,5,75,0.89473684,0.94230769,0.31151685,0.25786516,0.33613445,2,<sklearn.tree._tree.Tree object at 0x7ff321d85b20>,0.23867041,0.8899,0.2082397,0.8803,0.17162921,0.866,-0.07949439,0.6794,0.04222846,0.7942,0.17162921,0.866,0.25786516,0.8947
0,5,77,0.91866029,0.84615384,0.32941176,0.2738562,0.31944444,2,<sklearn.tree._tree.Tree object at 0x7ff321d85b20>,0.22670401,0.8995,0.19337068,0.8851,0.16816059,0.8708,-0.11129786,0.6363,0.08524743,0.8038,0.19337068,0.8851,0.2738562,0.9186
0,5,79,0.89952153,0.86538461,0.27647058,0.24990512,0.26267281,2,<sklearn.tree._tree.Tree object at 0x7ff321d85b20>,0.19108159,0.8851,0.1816888,0.8803,0.17362428,0.8755,-0.24383302,0.5215,0.02343453,0.7511,0.19108159,0.8851,0.24990512,0.8995
0,5,81,0.9138756,0.86538461,0.35028089,0.32490636,0.04873949,2,<sklearn.tree._tree.Tree object at 0x7ff321d85b20>,0.29447565,0.9043,0.25786516,0.8899,0.24662921,0.8851,-0.0849251,0.6507,-0.0849251,0.6507,0.12846441,0.8181,0.29447565,0.9043
0,5,83,0.91866029,0.92307692,0.30961904,0.286,0.31515151,2,<sklearn.tree._tree.Tree object at 0x7ff321d85b20>,0.26590476,0.9138,0.12323809,0.8325,0.09123809,0.8133,-0.09295239,0.6794,0.09123809,0.8133,0.12323809,0.8325,0.286,0.9186
0,5,85,0.90909091,0.90384615,0.33780991,0.25826446,0.30718954,2,<sklearn.tree._tree.Tree object at 0x7ff321d85b20>,0.22520661,0.8995,0.18801652,0.8851,0.17975206,0.8803,-0.16942149,0.6076,0.06818181,0.8086,0.18801652,0.8851,0.25826446,0.909
0,5,87,0.90430622,0.90384615,0.25521132,0.20290686,0.44677661,2,<sklearn.tree._tree.Tree object at 0x7ff321d85b20>,0.17527251,0.8947,0.13090457,0.8708,0.12296806,0.866,-0.00191242,0.7846,0.02629565,0.8038,0.17527251,0.8947,0.20290686,0.9043
0,5,89,0.9138756,0.86538461,0.31899024,0.38362975,0.2053973,2,<sklearn.tree._tree.Tree object at 0x7ff321d85b20>,0.34394721,0.909,0.31573914,0.8995,0.29164276,0.8899,-0.03107669,0.6411,-0.03107669,0.6411,0.16322432,0.8086,0.29164276,0.8899
0,5,93,0.90909091,0.90384615,0.29855371,0.23863636,0.39215686,2,<sklearn.tree._tree.Tree object at 0x7ff321d85b20>,0.22004132,0.9043,0.1714876,0.8851,0.04028925,0.8133,-0.10433885,0.6842,0.04028925,0.8133,0.1714876,0.8851,0.23863636,0.909
0,5,95,0.90430622,0.90384615,0.35377802,0.26841906,0.19138755,2,<sklearn.tree._tree.Tree object at 0x7ff321d85b20>,0.17316751,0.8564,0.16497079,0.8516,-0.08912757,0.7033,-0.08912757,0.7033,-0.08912757,0.7033,0.17316751,0.8564,0.26841906,0.9043
0,5,97,0.91866029,0.8076923,0.34263565,0.25387596,0.19230769,2,<sklearn.tree._tree.Tree object at 0x7ff321d85b20>,0.12713178,0.8468,0.11937984,0.8421,0.08963178,0.8229,-0.14292636,0.622,0.08963178,0.8229,0.12713178,0.8468,0.25387596,0.9186
0,5,99,0.90909091,0.84615384,0.36037309,0.27341247,0.03349282,2,<sklearn.tree._tree.Tree object at 0x7ff321d85b20>,0.23563218,0.8947,0.20114942,0.8803,0.1929527,0.8755,-0.13840212,0.6555,0.06811758,0.799,0.1929527,0.8755,0.27341247,0.909
0,6,1,0.92344498,0.90384615,0.32561904,0.294,0.28181818,2,<sklearn.tree._tree.Tree object at 0x7ff321cf5a40>,0.27,0.9186,0.22647619,0.8947,0.21847619,0.8899,-0.01533334,0.7272,0.04399999,0.7751,0.19447619,0.8755,0.294,0.9234
0,6,3,0.9138756,0.86538461,0.30436432,0.23747628,0.24577572,2,<sklearn.tree._tree.Tree object at 0x7ff321cf5110>,0.22571157,0.909,0.21764705,0.9043,0.12419354,0.8421,-0.11034156,0.6794,-0.11034156,0.6794,0.12419354,0.8421,0.23747628,0.9138
0,6,5,0.92344498,0.82692307,0.32456308,0.33474169,0.33928571,2,<sklearn.tree._tree.Tree object at 0x7ff321d85b20>,0.28365661,0.9186,0.23842903,0.8947,0.12790474,0.8277,-0.11542155,0.6267,0.09640868,0.8086,0.12790474,0.8277,0.28365661,0.9186
0,6,7,0.91866029,0.90384615,0.29078217,0.27051061,0.26536731,2,<sklearn.tree._tree.Tree object at 0x7ff321d85b20>,0.25435073,0.9138,0.2226047,0.8947,0.21466819,0.8899,-0.10805126,0.6315,0.07773952,0.8038,0.10594759,0.8229,0.27051061,0.9186
0,6,9,0.90909091,0.90384615,0.3161157,0.27892561,0.25163398,2,<sklearn.tree._tree.Tree object at 0x7ff321d85b20>,0.25413223,0.8947,0.24586776,0.8899,0.2376033,0.8851,-0.15185951,0.5837,-0.15185951,0.5837,0.19008264,0.8516,0.27892561,0.909
0,6,11,0.9138756,0.92307692,0.27324459,0.2037037,0.46962962,2,<sklearn.tree._tree.Tree object at 0x7ff321d85b20>,0.17901234,0.9043,0.14525462,0.8851,0.12181712,0.8708,-0.17226081,0.6363,0.02179783,0.8086,0.17901234,0.9043,0.2037037,0.9138
0,6,13,0.90430622,0.98076923,0.32099114,0.25532315,0.29027113,2,<sklearn.tree._tree.Tree object at 0x7ff321cf5a40>,0.23723384,0.8995,0.19945355,0.8851,0.08941021,0.8229,-0.17778406,0.6267,0.08941021,0.8229,0.19945355,0.8851,0.25532315,0.9043
0,6,15,0.92344498,0.90384615,0.31769361,0.29140757,0.20733652,2,<sklearn.tree._tree.Tree object at 0x7ff321cf5a40>,0.25692481,0.909,0.23233465,0.8947,0.22413793,0.8899,-0.13350293,0.6124,0.0993028,0.8133,0.0993028,0.8133,0.29140757,0.9234
0,6,19,0.91866029,0.92307692,0.32028738,0.28540366,0.1875,2,<sklearn.tree._tree.Tree object at 0x7ff321cf5a40>,0.26214785,0.909,0.22962752,0.8899,0.22149744,0.8851,-0.05624882,0.6794,0.0947249,0.8086,0.0947249,0.8086,0.28540366,0.9186
0,6,21,0.91866029,0.84615384,0.29259962,0.26603415,0.24577572,2,<sklearn.tree._tree.Tree object at 0x7ff321cf5a40>,0.25796963,0.9138,0.21897533,0.8899,0.19174573,0.8708,-0.05559773,0.6555,0.09089184,0.7894,0.19174573,0.8708,0.26603415,0.9186
0,6,23,0.90909091,0.96153846,0.30694205,0.24670109,0.33433283,2,<sklearn.tree._tree.Tree object at 0x7ff321cf5a40>,0.11799579,0.8421,0.09418626,0.8277,0.08624976,0.8229,-0.0724804,0.6794,0.09418626,0.8277,0.11799579,0.8421,0.24670109,0.909
0,6,25,0.92822967,0.84615384,0.27108433,0.19497035,0.48125937,2,<sklearn.tree._tree.Tree object at 0x7ff321cf5a40>,0.18703384,0.9234,0.16322432,0.909,0.14295276,0.8947,-0.05106139,0.7224,-0.05106139,0.7224,0.19497035,0.9282,0.19497035,0.9282
0,6,27,0.91866029,0.92307692,0.29337068,0.25732959,0.34722222,2,<sklearn.tree._tree.Tree object at 0x7ff321cf5a40>,0.24080298,0.9138,0.21858076,0.9043,0.18496732,0.8851,-0.1557423,0.6315,0.07955182,0.8133,0.18496732,0.8851,0.25732959,0.9186
0,6,29,0.93779904,0.84615384,0.33225806,0.31679316,0.05529953,2,<sklearn.tree._tree.Tree object at 0x7ff321cf5a40>,0.30872865,0.933,0.2845351,0.9186,0.16755218,0.8468,-0.06631879,0.6602,-0.06631879,0.6602,0.16755218,0.8468,0.2845351,0.9186
0,6,31,0.90909091,0.96153846,0.34052287,0.28767507,0.11805555,2,<sklearn.tree._tree.Tree object at 0x7ff321cf5a40>,0.26246498,0.9043,0.21531279,0.8851,0.08197945,0.8277,-0.16741364,0.6363,0.08197945,0.8277,0.08197945,0.8277,0.28767507,0.909
0,6,33,0.92822967,0.88461538,0.29214891,0.25511188,0.28148148,2,<sklearn.tree._tree.Tree object at 0x7ff321cf5a40>,0.22588734,0.9186,0.19463734,0.8995,0.18682484,0.8947,-0.13069059,0.6363,0.08227237,0.8229,0.19463734,0.8995,0.25511188,0.9282
0,6,37,0.91866029,0.88461538,0.33078086,0.23662318,0.33125,2,<sklearn.tree._tree.Tree object at 0x7ff321cf5a40>,0.22849309,0.9138,0.20410285,0.8995,0.11221402,0.8373,-0.07591228,0.665,0.08546038,0.8181,0.11221402,0.8373,0.23662318,0.9186
0,6,39,0.91866029,0.92307692,0.31937984,0.28187984,0.23076923,2,<sklearn.tree._tree.Tree object at 0x7ff321cf5a40>,0.23963178,0.9043,0.10513565,0.8373,0.08187984,0.8229,-0.14593024,0.6315,0.08187984,0.8229,0.10513565,0.8373,0.28187984,0.9186
0,6,41,0.92822967,0.86538461,0.26681741,0.23563218,0.34290271,2,<sklearn.tree._tree.Tree object at 0x7ff321cf5a40>,0.17816091,0.9138,0.15357075,0.8995,0.05172413,0.8325,-0.10391936,0.6842,0.05172413,0.8325,0.17816091,0.9138,0.23563218,0.9282
0,6,45,0.90430622,0.88461538,0.37968119,0.31793739,0.01190476,2,<sklearn.tree._tree.Tree object at 0x7ff321cf5a40>,0.27270981,0.8803,0.26483579,0.8755,0.25696178,0.8708,-0.08267717,0.622,0.08901478,0.7655,0.08901478,0.7655,0.27270981,0.8803
0,6,47,0.93779904,0.78846153,0.31780952,0.29809523,0.14848484,2,<sklearn.tree._tree.Tree object at 0x7ff321cf5a40>,0.29009523,0.933,0.28209523,0.9282,0.24247619,0.9043,-0.04904762,0.6746,-0.04904762,0.6746,0.18314285,0.866,0.29809523,0.9377
0,6,49,0.9138756,0.92307692,0.27011494,0.2438289,0.31259968,2,<sklearn.tree._tree.Tree object at 0x7ff321cf5a40>,0.14527981,0.8564,0.12068965,0.8421,0.09110608,0.8229,-0.10552101,0.6602,0.09110608,0.8229,0.14527981,0.8564,0.2438289,0.9138
0,6,51,0.91866029,0.88461538,0.32128099,0.25413223,0.25163398,2,<sklearn.tree._tree.Tree object at 0x7ff321cf5a40>,0.23140495,0.909,0.12293388,0.8468,0.09814049,0.8325,-0.11673554,0.6602,0.09814049,0.8325,0.12293388,0.8468,0.25413223,0.9186
0,6,53,0.9138756,0.94230769,0.35529095,0.33090071,-0.01190477,2,<sklearn.tree._tree.Tree object at 0x7ff321cf5a40>,0.30727866,0.909,0.24630305,0.8947,0.2219128,0.8851,-0.23314769,0.5502,0.08776646,0.8038,0.11138851,0.8181,0.24630305,0.8947
0,6,55,0.91866029,0.82692307,0.28724421,0.2881048,0.43028485,2,<sklearn.tree._tree.Tree object at 0x7ff321cf5a40>,0.22289156,0.909,0.19908204,0.8947,0.09036144,0.8277,-0.11981259,0.6411,0.09036144,0.8277,0.19908204,0.8947,0.2881048,0.9186
0,6,57,0.91866029,0.92307692,0.33486326,0.29460699,0.14392803,2,<sklearn.tree._tree.Tree object at 0x7ff321cf5a40>,0.2825588,0.9138,0.1538535,0.8468,0.12153375,0.8277,-0.14037101,0.6315,0.09772423,0.8133,0.1538535,0.8468,0.29460699,0.9186
0,6,59,0.91866029,0.84615384,0.30804685,0.29028231,0.42857142,2,<sklearn.tree._tree.Tree object at 0x7ff321cf5a40>,0.25062415,0.9138,0.20971768,0.8995,0.18532744,0.8899,-0.14845401,0.6315,0.0504129,0.8133,0.18532744,0.8899,0.29028231,0.9186
0,6,61,0.91866029,0.88461538,0.34228377,0.29140757,0.16905901,2,<sklearn.tree._tree.Tree object at 0x7ff321cf5a40>,0.27991332,0.9138,0.24543056,0.8995,0.12389297,0.8325,-0.15809309,0.622,0.08281514,0.8086,0.12389297,0.8325,0.29140757,0.9186
0,6,63,0.92822967,0.86538461,0.3316689,0.31083157,0.16666666,2,<sklearn.tree._tree.Tree object at 0x7ff321cf5a40>,0.28720952,0.9234,0.17313232,0.8708,0.14009986,0.8516,-0.11542155,0.6459,0.07201843,0.8086,0.17313232,0.8708,0.28720952,0.9234
0,6,65,0.91866029,0.92307692,0.33595825,0.27713472,0.27956989,2,<sklearn.tree._tree.Tree object at 0x7ff321cf5a40>,0.1873814,0.866,0.17125237,0.8564,0.16318785,0.8516,-0.00986718,0.7224,-0.00986718,0.7224,0.1873814,0.866,0.27713472,0.9186
0,6,67,0.91866029,0.92307692,0.27425963,0.21931458,0.409009,2,<sklearn.tree._tree.Tree object at 0x7ff321cf5a40>,0.20236543,0.909,0.19389085,0.9043,0.07645744,0.8277,-0.14388155,0.6555,0.07645744,0.8277,0.19389085,0.9043,0.21931458,0.9186
0,6,69,0.91866029,0.92307692,0.27237827,0.25243445,0.39495798,2,<sklearn.tree._tree.Tree object at 0x7ff321cf5a40>,0.22996254,0.909,0.21872659,0.9043,0.10056179,0.8373,-0.00018727,0.7703,0.08389513,0.8277,0.10056179,0.8373,0.25243445,0.9186
0,6,73,0.90430622,0.82692307,0.28519924,0.24686907,0.24731182,2,<sklearn.tree._tree.Tree object at 0x7ff321cf5a40>,0.23880455,0.8995,0.23074003,0.8947,0.20351043,0.8755,-0.11451613,0.6267,-0.11451613,0.6267,0.18434535,0.8612,0.24686907,0.9043
0,6,75,0.90909091,0.94230769,0.31151685,0.25533707,0.33613445,2,<sklearn.tree._tree.Tree object at 0x7ff321cf5a40>,0.21872659,0.8947,0.08932584,0.8229,0.0559925,0.8038,-0.07949439,0.6794,0.08932584,0.8229,0.08932584,0.8229,0.25533707,0.909
0,6,77,0.91866029,0.84615384,0.32941176,0.2738562,0.31944444,2,<sklearn.tree._tree.Tree object at 0x7ff321cf5a40>,0.22670401,0.8995,0.19337068,0.8851,0.16816059,0.8708,-0.05079366,0.7081,0.0738562,0.8038,0.19337068,0.8851,0.2738562,0.9186
0,6,79,0.9138756,0.86538461,0.27647058,0.26537001,0.26267281,2,<sklearn.tree._tree.Tree object at 0x7ff321cf5a40>,0.20654648,0.8995,0.19848197,0.8947,0.19041745,0.8899,-0.00379507,0.732,-0.00379507,0.732,0.19848197,0.8947,0.26537001,0.9138
0,6,81,0.92344498,0.90384615,0.35028089,0.32490636,0.10588235,2,<sklearn.tree._tree.Tree object at 0x7ff321cf5a40>,0.28829588,0.909,0.27705992,0.9043,0.15889513,0.8373,-0.0849251,0.6507,-0.0849251,0.6507,0.15889513,0.8373,0.28829588,0.909
0,6,83,0.91866029,0.92307692,0.30961904,0.254,0.31515151,2,<sklearn.tree._tree.Tree object at 0x7ff321cf5a40>,0.11133333,0.8373,0.07933333,0.8181,0.07133333,0.8133,-0.10485715,0.6842,0.07933333,0.8181,0.11133333,0.8373,0.254,0.9186
0,6,85,0.91866029,0.92307692,0.33780991,0.28099173,0.27777777,2,<sklearn.tree._tree.Tree object at 0x7ff321cf5a40>,0.25619834,0.9138,0.2303719,0.9043,0.19318181,0.8899,-0.00826447,0.7655,0.01756198,0.7846,0.19318181,0.8899,0.28099173,0.9186
0,6,87,0.9138756,0.94230769,0.25521132,0.20290686,0.51574212,2,<sklearn.tree._tree.Tree object at 0x7ff321cf5a40>,0.15853891,0.8899,0.1426659,0.8803,0.13472939,0.8755,-0.01042265,0.7799,0.03805698,0.8133,0.15853891,0.8899,0.20290686,0.9138
0,6,89,0.9138756,0.86538461,0.31899024,0.35188372,0.2053973,2,<sklearn.tree._tree.Tree object at 0x7ff321cf5a40>,0.3280742,0.909,0.29986613,0.8995,0.27576974,0.8899,-0.04694971,0.6411,-0.04694971,0.6411,0.14735131,0.8086,0.29986613,0.8995
0,6,93,0.92344498,0.90384615,0.29855371,0.25309917,0.39215686,2,<sklearn.tree._tree.Tree object at 0x7ff321cf5a40>,0.20454545,0.9043,0.0733471,0.8325,0.04028925,0.8133,-0.12190083,0.6698,0.0733471,0.8325,0.0733471,0.8325,0.25309917,0.9234
0,6,95,0.91866029,0.92307692,0.35377802,0.27661579,0.22169059,2,<sklearn.tree._tree.Tree object at 0x7ff321cf5a40>,0.261824,0.9138,0.16657245,0.866,0.14198228,0.8516,-0.1203128,0.6985,-0.1203128,0.6985,0.16657245,0.866,0.27661579,0.9186
0,6,97,0.93301435,0.86538461,0.34263565,0.27238372,0.3076923,2,<sklearn.tree._tree.Tree object at 0x7ff321cf5a40>,0.14563953,0.8612,0.13013565,0.8516,0.12238372,0.8468,-0.17141473,0.6028,0.09263565,0.8277,0.14563953,0.8612,0.27238372,0.933
0,6,99,0.92344498,0.86538461,0.36037309,0.29800263,0.06379585,2,<sklearn.tree._tree.Tree object at 0x7ff321cf5a40>,0.26022234,0.909,0.22573958,0.8947,0.20114942,0.8803,-0.13840212,0.6555,0.06811758,0.799,0.1929527,0.8755,0.29800263,0.9234
0,7,1,0.92344498,0.90384615,0.32561904,0.294,0.28181818,2,<sklearn.tree._tree.Tree object at 0x7ff321be96c0>,0.27,0.9186,0.22647619,0.8947,0.21847619,0.8899,-0.01533334,0.7272,0.04399999,0.7751,0.19447619,0.8755,0.294,0.9234
0,7,3,0.91866029,0.86538461,0.30436432,0.25796963,0.31029185,2,<sklearn.tree._tree.Tree object at 0x7ff321cf5a40>,0.23747628,0.9138,0.21394686,0.9043,0.20218216,0.8995,-0.13387097,0.6698,-0.13387097,0.6698,0.19411764,0.8947,0.25796963,0.9186
0,7,5,0.92344498,0.82692307,0.32456308,0.33474169,0.33928571,2,<sklearn.tree._tree.Tree object at 0x7ff321be98f0>,0.28365661,0.9186,0.23842903,0.8947,0.12790474,0.8277,-0.11542155,0.6267,0.09640868,0.8086,0.12790474,0.8277,0.28365661,0.9186
0,7,7,0.91866029,0.90384615,0.29078217,0.27051061,0.26536731,2,<sklearn.tree._tree.Tree object at 0x7ff321be9ab0>,0.25435073,0.9138,0.2226047,0.8947,0.21466819,0.8899,-0.10805126,0.6315,0.07773952,0.8038,0.10594759,0.8229,0.27051061,0.9186
0,7,9,0.90909091,0.90384615,0.3161157,0.27892561,0.25163398,2,<sklearn.tree._tree.Tree object at 0x7ff321be9420>,0.25413223,0.8947,0.24586776,0.8899,0.2376033,0.8851,-0.10020662,0.622,-0.10020662,0.622,0.19008264,0.8516,0.27892561,0.909
0,7,11,0.9138756,0.92307692,0.27324459,0.2037037,0.46962962,2,<sklearn.tree._tree.Tree object at 0x7ff321be9730>,0.17901234,0.9043,0.14525462,0.8851,0.12181712,0.8708,-0.17226081,0.6363,0.02179783,0.8086,0.17901234,0.9043,0.2037037,0.9138
0,7,13,0.90430622,0.98076923,0.32099114,0.25532315,0.29027113,2,<sklearn.tree._tree.Tree object at 0x7ff321be97a0>,0.23723384,0.8995,0.19945355,0.8851,0.08941021,0.8229,-0.17778406,0.6267,0.08941021,0.8229,0.19945355,0.8851,0.25532315,0.9043
0,7,15,0.92344498,0.90384615,0.31769361,0.29140757,0.20733652,2,<sklearn.tree._tree.Tree object at 0x7ff321be9260>,0.25692481,0.909,0.23233465,0.8947,0.22413793,0.8899,-0.13350293,0.6124,0.0993028,0.8133,0.0993028,0.8133,0.29140757,0.9234
0,7,19,0.91866029,0.92307692,0.32028738,0.28540366,0.1875,2,<sklearn.tree._tree.Tree object at 0x7ff321be9ab0>,0.26214785,0.909,0.22962752,0.8899,0.22149744,0.8851,-0.05624882,0.6794,0.0947249,0.8086,0.0947249,0.8086,0.28540366,0.9186
0,7,21,0.92344498,0.86538461,0.29259962,0.26166982,0.21351766,2,<sklearn.tree._tree.Tree object at 0x7ff321be9730>,0.24990512,0.9186,0.2418406,0.9138,0.20284629,0.8899,-0.07172676,0.6555,0.0747628,0.7894,0.17561669,0.8708,0.26166982,0.9234
0,7,23,0.90909091,0.96153846,0.30694205,0.24670109,0.33433283,2,<sklearn.tree._tree.Tree object at 0x7ff321be9b90>,0.11799579,0.8421,0.09418626,0.8277,0.08624976,0.8229,-0.0724804,0.6794,0.09418626,0.8277,0.11799579,0.8421,0.24670109,0.909
0,7,25,0.92822967,0.82692307,0.27108433,0.19497035,0.4377811,2,<sklearn.tree._tree.Tree object at 0x7ff321be9960>,0.18703384,0.9234,0.16322432,0.909,0.09475999,0.866,-0.11952573,0.6794,0.09475999,0.866,0.19497035,0.9282,0.19497035,0.9282
0,7,27,0.91866029,0.92307692,0.29337068,0.25732959,0.34722222,2,<sklearn.tree._tree.Tree object at 0x7ff321be9960>,0.24080298,0.9138,0.21858076,0.9043,0.18496732,0.8851,-0.1557423,0.6315,0.07955182,0.8133,0.18496732,0.8851,0.25732959,0.9186
0,7,29,0.93779904,0.84615384,0.33225806,0.31679316,0.05529953,2,<sklearn.tree._tree.Tree object at 0x7ff321be9490>,0.30872865,0.933,0.2845351,0.9186,0.16755218,0.8468,-0.06631879,0.6602,-0.06631879,0.6602,0.16755218,0.8468,0.2845351,0.9186
0,7,31,0.90909091,0.96153846,0.34052287,0.28767507,0.11805555,2,<sklearn.tree._tree.Tree object at 0x7ff321be9dc0>,0.26246498,0.9043,0.21531279,0.8851,0.08197945,0.8277,-0.16741364,0.6363,0.08197945,0.8277,0.08197945,0.8277,0.28767507,0.909
0,7,33,0.92822967,0.88461538,0.29214891,0.25511188,0.28148148,2,<sklearn.tree._tree.Tree object at 0x7ff321be9730>,0.22588734,0.9186,0.19463734,0.8995,0.18682484,0.8947,-0.13069059,0.6363,0.08227237,0.8229,0.19463734,0.8995,0.25511188,0.9282
0,7,37,0.91866029,0.88461538,0.33078086,0.23662318,0.33125,2,<sklearn.tree._tree.Tree object at 0x7ff321be9730>,0.22849309,0.9138,0.20410285,0.8995,0.11221402,0.8373,-0.07591228,0.665,0.08546038,0.8181,0.11221402,0.8373,0.23662318,0.9186
0,7,39,0.91866029,0.92307692,0.31937984,0.28187984,0.23076923,2,<sklearn.tree._tree.Tree object at 0x7ff321be9dc0>,0.23963178,0.9043,0.10513565,0.8373,0.08187984,0.8229,-0.14593024,0.6315,0.08187984,0.8229,0.10513565,0.8373,0.28187984,0.9186
0,7,41,0.92822967,0.86538461,0.26681741,0.23563218,0.34290271,2,<sklearn.tree._tree.Tree object at 0x7ff3216dcea0>,0.17816091,0.9138,0.15357075,0.8995,0.05172413,0.8325,-0.10391936,0.6842,0.05172413,0.8325,0.17816091,0.9138,0.23563218,0.9282
0,7,45,0.9138756,0.94230769,0.37968119,0.33090071,0.0595238,2,<sklearn.tree._tree.Tree object at 0x7ff321be9dc0>,0.28567313,0.8899,0.27779911,0.8851,0.2699251,0.8803,-0.09564049,0.6124,0.07326675,0.7559,0.1019781,0.7751,0.28567313,0.8899
0,7,47,0.94258373,0.8076923,0.31780952,0.294,0.11515151,2,<sklearn.tree._tree.Tree object at 0x7ff321be9dc0>,0.28209523,0.9377,0.27409523,0.933,0.26609523,0.9282,-0.01352381,0.7033,-0.01352381,0.7033,0.19095238,0.8755,0.29399999,0.9425
0,7,49,0.9138756,0.92307692,0.27011494,0.2438289,0.31259968,2,<sklearn.tree._tree.Tree object at 0x7ff3216dc730>,0.14527981,0.8564,0.12068965,0.8421,0.09110608,0.8229,-0.10552101,0.6602,0.09110608,0.8229,0.14527981,0.8564,0.2438289,0.9138
0,7,51,0.91866029,0.88461538,0.32128099,0.25413223,0.25163398,2,<sklearn.tree._tree.Tree object at 0x7ff3216dc3b0>,0.23140495,0.909,0.12293388,0.8468,0.09814049,0.8325,-0.11673554,0.6602,0.09814049,0.8325,0.12293388,0.8468,0.25413223,0.9186
0,7,53,0.9138756,0.94230769,0.35529095,0.33090071,-0.01190477,2,<sklearn.tree._tree.Tree object at 0x7ff3216dcdc0>,0.30727866,0.909,0.24630305,0.8947,0.2219128,0.8851,-0.23314769,0.5502,0.08776646,0.8038,0.11138851,0.8181,0.24630305,0.8947
0,7,55,0.91866029,0.82692307,0.28724421,0.2881048,0.43028485,2,<sklearn.tree._tree.Tree object at 0x7ff3216dcce0>,0.22289156,0.909,0.19908204,0.8947,0.09036144,0.8277,-0.11981259,0.6411,0.09036144,0.8277,0.19908204,0.8947,0.2881048,0.9186
0,7,57,0.91866029,0.92307692,0.33486326,0.29460699,0.14392803,2,<sklearn.tree._tree.Tree object at 0x7ff3216dc6c0>,0.2825588,0.9138,0.1538535,0.8468,0.12153375,0.8277,-0.14037101,0.6315,0.09772423,0.8133,0.1538535,0.8468,0.29460699,0.9186
0,7,59,0.91866029,0.84615384,0.30804685,0.29028231,0.42857142,2,<sklearn.tree._tree.Tree object at 0x7ff3216dcc00>,0.25062415,0.9138,0.20971768,0.8995,0.18532744,0.8899,-0.14845401,0.6315,0.0504129,0.8133,0.18532744,0.8899,0.29028231,0.9186
0,7,61,0.91866029,0.88461538,0.34228377,0.29140757,0.16905901,2,<sklearn.tree._tree.Tree object at 0x7ff3216dcc00>,0.27991332,0.9138,0.24543056,0.8995,0.12389297,0.8325,-0.15809309,0.622,0.08281514,0.8086,0.12389297,0.8325,0.29140757,0.9186
0,7,63,0.92822967,0.86538461,0.3316689,0.31083157,0.16666666,2,<sklearn.tree._tree.Tree object at 0x7ff3216dc6c0>,0.28720952,0.9234,0.17313232,0.8708,0.14009986,0.8516,-0.11542155,0.6459,0.07201843,0.8086,0.17313232,0.8708,0.28720952,0.9234
0,7,65,0.91866029,0.92307692,0.33595825,0.27713472,0.27956989,2,<sklearn.tree._tree.Tree object at 0x7ff3216dc420>,0.1873814,0.866,0.17125237,0.8564,0.16318785,0.8516,-0.00986718,0.7224,-0.00986718,0.7224,0.1873814,0.866,0.27713472,0.9186
0,7,67,0.91866029,0.92307692,0.27425963,0.21931458,0.409009,2,<sklearn.tree._tree.Tree object at 0x7ff3216dce30>,0.20236543,0.909,0.19389085,0.9043,0.07645744,0.8277,-0.14388155,0.6555,0.07645744,0.8277,0.19389085,0.9043,0.21931458,0.9186
0,7,69,0.91866029,0.92307692,0.27237827,0.25243445,0.39495798,2,<sklearn.tree._tree.Tree object at 0x7ff3216dc570>,0.22996254,0.909,0.21872659,0.9043,0.10056179,0.8373,-0.00018727,0.7703,0.08389513,0.8277,0.10056179,0.8373,0.25243445,0.9186
0,7,73,0.90909091,0.88461538,0.28519924,0.2573055,0.31029185,2,<sklearn.tree._tree.Tree object at 0x7ff3216dc420>,0.24686907,0.9043,0.23880455,0.8995,0.23074003,0.8947,-0.13064517,0.6172,-0.13064517,0.6172,0.1873814,0.866,0.2573055,0.909
0,7,75,0.90909091,0.94230769,0.31151685,0.25533707,0.33613445,2,<sklearn.tree._tree.Tree object at 0x7ff3216dcab0>,0.21872659,0.8947,0.08932584,0.8229,0.0559925,0.8038,-0.07949439,0.6794,0.08932584,0.8229,0.08932584,0.8229,0.25533707,0.909
0,7,77,0.91866029,0.84615384,0.32941176,0.2738562,0.31944444,2,<sklearn.tree._tree.Tree object at 0x7ff3216dcc70>,0.22670401,0.8995,0.19337068,0.8851,0.16816059,0.8708,-0.05079366,0.7081,0.0738562,0.8038,0.19337068,0.8851,0.2738562,0.9186
0,7,79,0.91866029,0.88461538,0.27647058,0.24117647,0.31029185,2,<sklearn.tree._tree.Tree object at 0x7ff3216dcb90>,0.18235294,0.9043,0.17058823,0.8995,0.16252371,0.8947,-0.01489564,0.7511,-0.01489564,0.7511,0.18235294,0.9043,0.24117647,0.9186
0,7,81,0.92344498,0.90384615,0.35028089,0.32490636,0.10588235,2,<sklearn.tree._tree.Tree object at 0x7ff3216dcb20>,0.28829588,0.909,0.27705992,0.9043,0.15889513,0.8373,-0.0849251,0.6507,-0.0849251,0.6507,0.15889513,0.8373,0.28829588,0.909
0,7,83,0.91866029,0.92307692,0.30961904,0.254,0.31515151,2,<sklearn.tree._tree.Tree object at 0x7ff3216dc180>,0.11133333,0.8373,0.07933333,0.8181,0.07133333,0.8133,-0.10485715,0.6842,0.07933333,0.8181,0.11133333,0.8373,0.254,0.9186
0,7,85,0.91866029,0.92307692,0.33780991,0.28099173,0.27777777,2,<sklearn.tree._tree.Tree object at 0x7ff3216dc960>,0.25619834,0.9138,0.2303719,0.9043,0.19318181,0.8899,-0.00826447,0.7655,0.01756198,0.7846,0.19318181,0.8899,0.28099173,0.9186
0,7,87,0.9138756,0.94230769,0.25521132,0.20290686,0.51574212,2,<sklearn.tree._tree.Tree object at 0x7ff3216dc420>,0.15853891,0.8899,0.1426659,0.8803,0.13472939,0.8755,-0.01042265,0.7799,0.03805698,0.8133,0.15853891,0.8899,0.20290686,0.9138
0,7,89,0.9138756,0.86538461,0.31899024,0.35188372,0.2053973,2,<sklearn.tree._tree.Tree object at 0x7ff3216dc810>,0.3280742,0.909,0.29986613,0.8995,0.27576974,0.8899,-0.04694971,0.6411,-0.04694971,0.6411,0.14735131,0.8086,0.29986613,0.8995
0,7,93,0.92344498,0.90384615,0.29855371,0.25309917,0.39215686,2,<sklearn.tree._tree.Tree object at 0x7ff3216dc9d0>,0.20454545,0.9043,0.0733471,0.8325,0.04028925,0.8133,-0.12190083,0.6698,0.0733471,0.8325,0.0733471,0.8325,0.25309917,0.9234
0,7,95,0.91866029,0.92307692,0.35377802,0.27661579,0.22169059,2,<sklearn.tree._tree.Tree object at 0x7ff3216dc180>,0.261824,0.9138,0.16657245,0.866,0.14198228,0.8516,-0.1203128,0.6985,-0.1203128,0.6985,0.16657245,0.866,0.27661579,0.9186
0,7,97,0.93301435,0.86538461,0.34263565,0.27238372,0.3076923,2,<sklearn.tree._tree.Tree object at 0x7ff3216dc180>,0.14563953,0.8612,0.13013565,0.8516,0.12238372,0.8468,-0.17141473,0.6028,0.09263565,0.8277,0.14563953,0.8612,0.27238372,0.933
0,7,99,0.92344498,0.86538461,0.36037309,0.29800263,0.06379585,2,<sklearn.tree._tree.Tree object at 0x7ff3216dc180>,0.26022234,0.909,0.22573958,0.8947,0.20114942,0.8803,-0.13840212,0.6555,0.06811758,0.799,0.1929527,0.8755,0.29800263,0.9234
